#Type,IsPar,Factor_1,ShiftSize_1,Factor_2,ShiftSize_2,Currency,TradeId,NettingSetId,CVA,DVA,FBA,FCA,FBAexOwnSP,FCAexOwnSP,FBAexAllSP,FCAexAllSP,COLVA,MVA,OurKVACCR,TheirKVACCR,OurKVACVA,TheirKVACVA,CollateralFloor,AllocatedCVA,AllocatedDVA,AllocationMethod,BaselEPE,BaselEEPE
Base,false,,0.00000000,,0.00000000,EUR,,CPTY_A,13961.07,0.00,0.00,0.00,0.00,0.00,0.00,0.00,0.00,0.00,0.00,0.00,0.00,0.00,0.00,13961.07,0.00,None,1181172.46,1226011.95
Base,false,,0.00000000,,0.00000000,EUR,ComFwd_WTI_QuantoEUR_5Y,CPTY_A,514.77,0.00,0.00,0.00,0.00,0.00,0.00,0.00,#N/A,#N/A,#N/A,#N/A,#N/A,#N/A,#N/A,0.00,0.00,None,1616.48,1616.48
Base,false,,0.00000000,,0.00000000,EUR,EqCall_SP5_FD,CPTY_A,13608.34,0.00,0.00,0.00,0.00,0.00,0.00,0.00,#N/A,#N/A,#N/A,#N/A,#N/A,#N/A,#N/A,0.00,0.00,None,1192810.09,1232097.13
Up,false,DiscountCurve/EUR/0/1Y,0.00010000,,0.00000000,EUR,,CPTY_A,13961.93,0.00,0.00,0.00,0.00,0.00,0.00,0.00,0.00,0.00,0.00,0.00,0.00,0.00,0.00,13961.93,0.00,None,1181290.30,1226010.71
Up,false,DiscountCurve/EUR/0/1Y,0.00010000,,0.00000000,EUR,ComFwd_WTI_QuantoEUR_5Y,CPTY_A,514.77,0.00,0.00,0.00,0.00,0.00,0.00,0.00,#N/A,#N/A,#N/A,#N/A,#N/A,#N/A,#N/A,0.00,0.00,None,1616.60,1616.60
Up,false,DiscountCurve/EUR/0/1Y,0.00010000,,0.00000000,EUR,EqCall_SP5_FD,CPTY_A,13609.19,0.00,0.00,0.00,0.00,0.00,0.00,0.00,#N/A,#N/A,#N/A,#N/A,#N/A,#N/A,#N/A,0.00,0.00,None,1192928.44,1232095.88
Up,false,DiscountCurve/EUR/1/5Y,0.00010000,,0.00000000,EUR,,CPTY_A,13965.33,0.00,0.00,0.00,0.00,0.00,0.00,0.00,0.00,0.00,0.00,0.00,0.00,0.00,0.00,13965.33,0.00,None,1181656.23,1226011.95
Up,false,DiscountCurve/EUR/1/5Y,0.00010000,,0.00000000,EUR,ComFwd_WTI_QuantoEUR_5Y,CPTY_A,514.76,0.00,0.00,0.00,0.00,0.00,0.00,0.00,#N/A,#N/A,#N/A,#N/A,#N/A,#N/A,#N/A,0.00,0.00,None,1616.48,1616.48
Up,false,DiscountCurve/EUR/1/5Y,0.00010000,,0.00000000,EUR,EqCall_SP5_FD,CPTY_A,13612.62,0.00,0.00,0.00,0.00,0.00,0.00,0.00,#N/A,#N/A,#N/A,#N/A,#N/A,#N/A,#N/A,0.00,0.00,None,1193294.89,1232097.13
Up,false,DiscountCurve/USD/0/1Y,0.00010000,,0.00000000,EUR,,CPTY_A,13960.05,0.00,0.00,0.00,0.00,0.00,0.00,0.00,0.00,0.00,0.00,0.00,0.00,0.00,0.00,13960.05,0.00,None,1181082.89,1225920.70
Up,false,DiscountCurve/USD/0/1Y,0.00010000,,0.00000000,EUR,ComFwd_WTI_QuantoEUR_5Y,CPTY_A,514.76,0.00,0.00,0.00,0.00,0.00,0.00,0.00,#N/A,#N/A,#N/A,#N/A,#N/A,#N/A,#N/A,0.00,0.00,None,1616.48,1616.48
Up,false,DiscountCurve/USD/0/1Y,0.00010000,,0.00000000,EUR,EqCall_SP5_FD,CPTY_A,13607.31,0.00,0.00,0.00,0.00,0.00,0.00,0.00,#N/A,#N/A,#N/A,#N/A,#N/A,#N/A,#N/A,0.00,0.00,None,1192720.51,1232005.88
Up,false,DiscountCurve/USD/1/5Y,0.00010000,,0.00000000,EUR,,CPTY_A,13959.21,0.00,0.00,0.00,0.00,0.00,0.00,0.00,0.00,0.00,0.00,0.00,0.00,0.00,0.00,13959.21,0.00,None,1181030.04,1225861.00
Up,false,DiscountCurve/USD/1/5Y,0.00010000,,0.00000000,EUR,ComFwd_WTI_QuantoEUR_5Y,CPTY_A,514.51,0.00,0.00,0.00,0.00,0.00,0.00,0.00,#N/A,#N/A,#N/A,#N/A,#N/A,#N/A,#N/A,0.00,0.00,None,1615.67,1615.67
Up,false,DiscountCurve/USD/1/5Y,0.00010000,,0.00000000,EUR,EqCall_SP5_FD,CPTY_A,13606.65,0.00,0.00,0.00,0.00,0.00,0.00,0.00,#N/A,#N/A,#N/A,#N/A,#N/A,#N/A,#N/A,0.00,0.00,None,1192661.95,1231943.13
Up,false,FXSpot/EURUSD/0/spot,0.01132337,,0.00000000,EUR,,CPTY_A,13822.84,0.00,0.00,0.00,0.00,0.00,0.00,0.00,0.00,0.00,0.00,0.00,0.00,0.00,0.00,13822.84,0.00,None,1169477.69,1213873.20
Up,false,FXSpot/EURUSD/0/spot,0.01132337,,0.00000000,EUR,ComFwd_WTI_QuantoEUR_5Y,CPTY_A,509.67,0.00,0.00,0.00,0.00,0.00,0.00,0.00,#N/A,#N/A,#N/A,#N/A,#N/A,#N/A,#N/A,0.00,0.00,None,1600.47,1600.47
Up,false,FXSpot/EURUSD/0/spot,0.01132337,,0.00000000,EUR,EqCall_SP5_FD,CPTY_A,13473.60,0.00,0.00,0.00,0.00,0.00,0.00,0.00,#N/A,#N/A,#N/A,#N/A,#N/A,#N/A,#N/A,0.00,0.00,None,1181000.09,1219898.13
Up,false,FXSpot/USDEUR/0/spot,0.00883129,,0.00000000,EUR,,CPTY_A,14100.68,0.00,0.00,0.00,0.00,0.00,0.00,0.00,0.00,0.00,0.00,0.00,0.00,0.00,0.00,14100.68,0.00,None,1192984.19,1238272.10
Up,false,FXSpot/USDEUR/0/spot,0.00883129,,0.00000000,EUR,ComFwd_WTI_QuantoEUR_5Y,CPTY_A,519.91,0.00,0.00,0.00,0.00,0.00,0.00,0.00,#N/A,#N/A,#N/A,#N/A,#N/A,#N/A,#N/A,0.00,0.00,None,1632.64,1632.64
Up,false,FXSpot/USDEUR/0/spot,0.00883129,,0.00000000,EUR,EqCall_SP5_FD,CPTY_A,13744.42,0.00,0.00,0.00,0.00,0.00,0.00,0.00,#N/A,#N/A,#N/A,#N/A,#N/A,#N/A,#N/A,0.00,0.00,None,1204738.19,1244418.12
Up,false,EquitySpot/SP5/0/spot,21.47560000,,0.00000000,EUR,,CPTY_A,14765.52,0.00,0.00,0.00,0.00,0.00,0.00,0.00,0.00,0.00,0.00,0.00,0.00,0.00,0.00,14765.52,0.00,None,1252134.51,1297035.95
Up,false,EquitySpot/SP5/0/spot,21.47560000,,0.00000000,EUR,ComFwd_WTI_QuantoEUR_5Y,CPTY_A,514.77,0.00,0.00,0.00,0.00,0.00,0.00,0.00,#N/A,#N/A,#N/A,#N/A,#N/A,#N/A,#N/A,0.00,0.00,None,1616.48,1616.48
Up,false,EquitySpot/SP5/0/spot,21.47560000,,0.00000000,EUR,EqCall_SP5_FD,CPTY_A,14414.66,0.00,0.00,0.00,0.00,0.00,0.00,0.00,#N/A,#N/A,#N/A,#N/A,#N/A,#N/A,#N/A,0.00,0.00,None,1263809.91,1303121.13
Up,false,EquityVolatility/SP5/0/6M/ATM,0.00250000,,0.00000000,EUR,,CPTY_A,14074.20,0.00,0.00,0.00,0.00,0.00,0.00,0.00,0.00,0.00,0.00,0.00,0.00,0.00,0.00,14074.20,0.00,None,1188893.86,1230604.70
Up,false,EquityVolatility/SP5/0/6M/ATM,0.00250000,,0.00000000,EUR,ComFwd_WTI_QuantoEUR_5Y,CPTY_A,514.77,0.00,0.00,0.00,0.00,0.00,0.00,0.00,#N/A,#N/A,#N/A,#N/A,#N/A,#N/A,#N/A,0.00,0.00,None,1616.48,1616.48
Up,false,EquityVolatility/SP5/0/6M/ATM,0.00250000,,0.00000000,EUR,EqCall_SP5_FD,CPTY_A,13721.24,0.00,0.00,0.00,0.00,0.00,0.00,0.00,#N/A,#N/A,#N/A,#N/A,#N/A,#N/A,#N/A,0.00,0.00,None,1200520.10,1236689.88
Up,false,EquityVolatility/SP5/1/5Y/ATM,0.00170700,,0.00000000,EUR,,CPTY_A,14028.61,0.00,0.00,0.00,0.00,0.00,0.00,0.00,0.00,0.00,0.00,0.00,0.00,0.00,0.00,14028.61,0.00,None,1188108.57,1236757.70
Up,false,EquityVolatility/SP5/1/5Y/ATM,0.00170700,,0.00000000,EUR,ComFwd_WTI_QuantoEUR_5Y,CPTY_A,514.77,0.00,0.00,0.00,0.00,0.00,0.00,0.00,#N/A,#N/A,#N/A,#N/A,#N/A,#N/A,#N/A,0.00,0.00,None,1616.48,1616.48
Up,false,EquityVolatility/SP5/1/5Y/ATM,0.00170700,,0.00000000,EUR,EqCall_SP5_FD,CPTY_A,13676.16,0.00,0.00,0.00,0.00,0.00,0.00,0.00,#N/A,#N/A,#N/A,#N/A,#N/A,#N/A,#N/A,0.00,0.00,None,1199756.07,1242842.88
Up,false,EquityVolatility/SP5/2/10Y/ATM,0.00198100,,0.00000000,EUR,,CPTY_A,13971.99,0.00,0.00,0.00,0.00,0.00,0.00,0.00,0.00,0.00,0.00,0.00,0.00,0.00,0.00,13971.99,0.00,None,1182596.34,1226011.95
Up,false,EquityVolatility/SP5/2/10Y/ATM,0.00198100,,0.00000000,EUR,ComFwd_WTI_QuantoEUR_5Y,CPTY_A,514.77,0.00,0.00,0.00,0.00,0.00,0.00,0.00,#N/A,#N/A,#N/A,#N/A,#N/A,#N/A,#N/A,0.00,0.00,None,1616.48,1616.48
Up,false,EquityVolatility/SP5/2/10Y/ATM,0.00198100,,0.00000000,EUR,EqCall_SP5_FD,CPTY_A,13619.32,0.00,0.00,0.00,0.00,0.00,0.00,0.00,#N/A,#N/A,#N/A,#N/A,#N/A,#N/A,#N/A,0.00,0.00,None,1194238.11,1232097.13
Up,false,SurvivalProbability/CPTY_A/0/1Y,0.00000000,,0.00000000,EUR,,CPTY_A,14013.71,0.00,0.00,0.00,0.00,0.00,0.00,0.00,0.00,0.00,0.00,0.00,0.00,0.00,0.00,14013.71,0.00,None,1181172.46,1226011.95
Up,false,SurvivalProbability/CPTY_A/0/1Y,0.00000000,,0.00000000,EUR,ComFwd_WTI_QuantoEUR_5Y,CPTY_A,513.58,0.00,0.00,0.00,0.00,0.00,0.00,0.00,#N/A,#N/A,#N/A,#N/A,#N/A,#N/A,#N/A,0.00,0.00,None,1616.48,1616.48
Up,false,SurvivalProbability/CPTY_A/0/1Y,0.00000000,,0.00000000,EUR,EqCall_SP5_FD,CPTY_A,13662.73,0.00,0.00,0.00,0.00,0.00,0.00,0.00,#N/A,#N/A,#N/A,#N/A,#N/A,#N/A,#N/A,0.00,0.00,None,1192810.09,1232097.13
Up,false,SurvivalProbability/CPTY_A/1/5Y,0.00010000,,0.00000000,EUR,,CPTY_A,14046.57,0.00,0.00,0.00,0.00,0.00,0.00,0.00,0.00,0.00,0.00,0.00,0.00,0.00,0.00,14046.57,0.00,None,1181172.46,1226011.95
Up,false,SurvivalProbability/CPTY_A/1/5Y,0.00010000,,0.00000000,EUR,ComFwd_WTI_QuantoEUR_5Y,CPTY_A,520.92,0.00,0.00,0.00,0.00,0.00,0.00,0.00,#N/A,#N/A,#N/A,#N/A,#N/A,#N/A,#N/A,0.00,0.00,None,1616.48,1616.48
Up,false,SurvivalProbability/CPTY_A/1/5Y,0.00010000,,0.00000000,EUR,EqCall_SP5_FD,CPTY_A,13688.71,0.00,0.00,0.00,0.00,0.00,0.00,0.00,#N/A,#N/A,#N/A,#N/A,#N/A,#N/A,#N/A,0.00,0.00,None,1192810.09,1232097.13
Up,false,CommodityCurve/COMDTY_WTI_USD/0/1Y,0.00000000,,0.00000000,EUR,,CPTY_A,14114.09,0.00,0.00,0.00,0.00,0.00,0.00,0.00,0.00,0.00,0.00,0.00,0.00,0.00,0.00,14114.09,0.00,None,1189156.43,1234293.39
Up,false,CommodityCurve/COMDTY_WTI_USD/0/1Y,0.00000000,,0.00000000,EUR,ComFwd_WTI_QuantoEUR_5Y,CPTY_A,615.15,0.00,0.00,0.00,0.00,0.00,0.00,0.00,#N/A,#N/A,#N/A,#N/A,#N/A,#N/A,#N/A,0.00,0.00,None,3853.18,3911.48
Up,false,CommodityCurve/COMDTY_WTI_USD/0/1Y,0.00000000,,0.00000000,EUR,EqCall_SP5_FD,CPTY_A,13608.34,0.00,0.00,0.00,0.00,0.00,0.00,0.00,#N/A,#N/A,#N/A,#N/A,#N/A,#N/A,#N/A,0.00,0.00,None,1192810.09,1232097.13
Up,false,CommodityVolatility/COMDTY_WTI_USD/0/1Y/0,0.00110885,,0.00000000,EUR,,CPTY_A,13961.07,0.00,0.00,0.00,0.00,0.00,0.00,0.00,0.00,0.00,0.00,0.00,0.00,0.00,0.00,13961.07,0.00,None,1181172.46,1226011.95
Up,false,CommodityVolatility/COMDTY_WTI_USD/0/1Y/0,0.00110885,,0.00000000,EUR,ComFwd_WTI_QuantoEUR_5Y,CPTY_A,514.77,0.00,0.00,0.00,0.00,0.00,0.00,0.00,#N/A,#N/A,#N/A,#N/A,#N/A,#N/A,#N/A,0.00,0.00,None,1616.48,1616.48
Up,false,CommodityVolatility/COMDTY_WTI_USD/0/1Y/0,0.00110885,,0.00000000,EUR,EqCall_SP5_FD,CPTY_A,13608.34,0.00,0.00,0.00,0.00,0.00,0.00,0.00,#N/A,#N/A,#N/A,#N/A,#N/A,#N/A,#N/A,0.00,0.00,None,1192810.09,1232097.13
Up,false,CommodityVolatility/COMDTY_WTI_USD/3/1Y/ATM,0.00110885,,0.00000000,EUR,,CPTY_A,13965.51,0.00,0.00,0.00,0.00,0.00,0.00,0.00,0.00,0.00,0.00,0.00,0.00,0.00,0.00,13965.51,0.00,None,1181175.47,1226011.95
Up,false,CommodityVolatility/COMDTY_WTI_USD/3/1Y/ATM,0.00110885,,0.00000000,EUR,ComFwd_WTI_QuantoEUR_5Y,CPTY_A,519.71,0.00,0.00,0.00,0.00,0.00,0.00,0.00,#N/A,#N/A,#N/A,#N/A,#N/A,#N/A,#N/A,0.00,0.00,None,1648.34,1648.34
Up,false,CommodityVolatility/COMDTY_WTI_USD/3/1Y/ATM,0.00110885,,0.00000000,EUR,EqCall_SP5_FD,CPTY_A,13608.34,0.00,0.00,0.00,0.00,0.00,0.00,0.00,#N/A,#N/A,#N/A,#N/A,#N/A,#N/A,#N/A,0.00,0.00,None,1192810.09,1232097.13
Up,false,CommodityVolatility/COMDTY_WTI_USD/1/5Y/0,0.00109155,,0.00000000,EUR,,CPTY_A,13961.07,0.00,0.00,0.00,0.00,0.00,0.00,0.00,0.00,0.00,0.00,0.00,0.00,0.00,0.00,13961.07,0.00,None,1181172.46,1226011.95
Up,false,CommodityVolatility/COMDTY_WTI_USD/1/5Y/0,0.00109155,,0.00000000,EUR,ComFwd_WTI_QuantoEUR_5Y,CPTY_A,514.77,0.00,0.00,0.00,0.00,0.00,0.00,0.00,#N/A,#N/A,#N/A,#N/A,#N/A,#N/A,#N/A,0.00,0.00,None,1616.48,1616.48
Up,false,CommodityVolatility/COMDTY_WTI_USD/1/5Y/0,0.00109155,,0.00000000,EUR,EqCall_SP5_FD,CPTY_A,13608.34,0.00,0.00,0.00,0.00,0.00,0.00,0.00,#N/A,#N/A,#N/A,#N/A,#N/A,#N/A,#N/A,0.00,0.00,None,1192810.09,1232097.13
Up,false,CommodityVolatility/COMDTY_WTI_USD/4/5Y/ATM,0.00109155,,0.00000000,EUR,,CPTY_A,13961.84,0.00,0.00,0.00,0.00,0.00,0.00,0.00,0.00,0.00,0.00,0.00,0.00,0.00,0.00,13961.84,0.00,None,1181172.98,1226011.95
Up,false,CommodityVolatility/COMDTY_WTI_USD/4/5Y/ATM,0.00109155,,0.00000000,EUR,ComFwd_WTI_QuantoEUR_5Y,CPTY_A,515.62,0.00,0.00,0.00,0.00,0.00,0.00,0.00,#N/A,#N/A,#N/A,#N/A,#N/A,#N/A,#N/A,0.00,0.00,None,1621.98,1621.98
Up,false,CommodityVolatility/COMDTY_WTI_USD/4/5Y/ATM,0.00109155,,0.00000000,EUR,EqCall_SP5_FD,CPTY_A,13608.34,0.00,0.00,0.00,0.00,0.00,0.00,0.00,#N/A,#N/A,#N/A,#N/A,#N/A,#N/A,#N/A,0.00,0.00,None,1192810.09,1232097.13
Up,false,CommodityVolatility/COMDTY_WTI_USD/2/10Y/0,0.00102159,,0.00000000,EUR,,CPTY_A,13961.07,0.00,0.00,0.00,0.00,0.00,0.00,0.00,0.00,0.00,0.00,0.00,0.00,0.00,0.00,13961.07,0.00,None,1181172.46,1226011.95
Up,false,CommodityVolatility/COMDTY_WTI_USD/2/10Y/0,0.00102159,,0.00000000,EUR,ComFwd_WTI_QuantoEUR_5Y,CPTY_A,514.77,0.00,0.00,0.00,0.00,0.00,0.00,0.00,#N/A,#N/A,#N/A,#N/A,#N/A,#N/A,#N/A,0.00,0.00,None,1616.48,1616.48
Up,false,CommodityVolatility/COMDTY_WTI_USD/2/10Y/0,0.00102159,,0.00000000,EUR,EqCall_SP5_FD,CPTY_A,13608.34,0.00,0.00,0.00,0.00,0.00,0.00,0.00,#N/A,#N/A,#N/A,#N/A,#N/A,#N/A,#N/A,0.00,0.00,None,1192810.09,1232097.13
Up,false,CommodityVolatility/COMDTY_WTI_USD/5/10Y/ATM,0.00102159,,0.00000000,EUR,,CPTY_A,13961.23,0.00,0.00,0.00,0.00,0.00,0.00,0.00,0.00,0.00,0.00,0.00,0.00,0.00,0.00,13961.23,0.00,None,1181172.57,1226011.95
Up,false,CommodityVolatility/COMDTY_WTI_USD/5/10Y/ATM,0.00102159,,0.00000000,EUR,ComFwd_WTI_QuantoEUR_5Y,CPTY_A,514.95,0.00,0.00,0.00,0.00,0.00,0.00,0.00,#N/A,#N/A,#N/A,#N/A,#N/A,#N/A,#N/A,0.00,0.00,None,1617.65,1617.65
Up,false,CommodityVolatility/COMDTY_WTI_USD/5/10Y/ATM,0.00102159,,0.00000000,EUR,EqCall_SP5_FD,CPTY_A,13608.34,0.00,0.00,0.00,0.00,0.00,0.00,0.00,#N/A,#N/A,#N/A,#N/A,#N/A,#N/A,#N/A,0.00,0.00,None,1192810.09,1232097.13
