#Tenor,Date,EUR,USD,EUR1D,EUR3M,EUR6M,USD1D,USD3M,USD6M,EUR-ESTER,EUR-EURIBOR-3M,EUR-EURIBOR-6M,USD-FedFunds,USD-LIBOR-3M,USD-LIBOR-6M,USD-SOFR,BANK,CPTY_A
1M,2016-03-07,1.000148496827899,0.999616263976394,1.000148496827899,1.000033305514713,0.999978818208145,0.999616263976394,0.999315385184984,0.999308708633070,1.000148496827899,1.000033305514713,0.999978818208145,0.999616263976394,0.999315385184984,0.999308708633070,0.999616263976394,0.998557074016693,0.998557074016693
2M,2016-04-05,1.000337611087852,0.999211168280904,1.000337611087852,1.000043112763312,0.999959003389689,0.999211168280904,0.998675363389024,0.998662449347096,1.000337611087852,1.000043112763312,0.999959003389689,0.999211168280904,0.998675363389024,0.998662449347096,0.999211168280904,0.997209124971978,0.997209124971978
3M,2016-05-05,1.000569777003940,0.998788718981059,1.000569777003940,1.000038071905538,0.999938505714809,0.998788718981059,0.998013703227183,0.997994345060933,1.000569777003940,1.000038071905538,0.999938505714809,0.998788718981059,0.998013703227183,0.997994345060933,0.998788718981059,0.995816609686804,0.995816609686804
4M,2016-06-06,1.000819974194615,0.998295334469348,1.000819974194615,1.000322141457140,0.999916641991393,0.998295334469348,0.997205993839747,0.997282193132235,1.000819974194615,1.000322141457140,0.999916641991393,0.998295334469348,0.997205993839747,0.997282193132235,0.998295334469348,0.994333403282244,0.994333403282244
5M,2016-07-05,1.001109484457569,0.997842854982310,1.001109484457569,1.000427490042458,0.999896828404974,0.997842854982310,0.996461322400158,0.996637244406700,1.001109484457569,1.000427490042458,0.999896828404974,0.997842854982310,0.996461322400158,0.996637244406700,0.997842854982310,0.992996247491318,0.992996247491318
6M,2016-08-05,1.001299465700991,0.997359396801984,1.001299465700991,1.000478241517149,0.999875648798478,0.997359396801984,0.995665909237198,0.995948277683681,1.001299465700991,1.000478241517149,0.999875648798478,0.997359396801984,0.995665909237198,0.995948277683681,0.997359396801984,0.991573935220218,0.991573935220218
7M,2016-09-05,1.001633366961365,0.996854619527451,1.001633366961365,1.000799754223382,0.999924850028228,0.996854619527451,0.994871131003146,0.995303300562770,1.001633366961365,1.000799754223382,0.999924850028228,0.996854619527451,0.994871131003146,0.995303300562770,0.996854619527451,0.990153660189642,0.990153660189642
8M,2016-10-05,1.001900100780471,0.996363280106409,1.001900100780471,1.000939305100838,0.999982557691424,0.996363280106409,0.994102594836157,0.994685761568322,1.001900100780471,1.000939305100838,0.999982557691424,0.996363280106409,0.994102594836157,0.994685761568322,0.996363280106409,0.988781137458453,0.988781137458453
9M,2016-11-07,1.002329775403766,0.995823086452135,1.002329775403766,1.000976636062381,1.000046039967588,0.995823086452135,0.993257890750006,0.994006911208110,1.002329775403766,1.000976636062381,1.000046039967588,0.995823086452135,0.993257890750006,0.994006911208110,0.995823086452135,0.987273559799930,0.987273559799930
10M,2016-12-05,1.002615342995868,0.995357491919363,1.002615342995868,1.001139594944829,1.000099906877454,0.995357491919363,0.992541735025449,0.993431280298024,1.002615342995868,1.001139594944829,1.000099906877454,0.995357491919363,0.992541735025449,0.993431280298024,0.995357491919363,0.985996205695442,0.985996205695442
11M,2017-01-05,1.002912392795859,0.994841629638998,1.002912392795859,1.001332518752488,1.000159548626433,0.994841629638998,0.991749450625564,0.992794363475519,1.002912392795859,1.001332518752488,1.000159548626433,0.994841629638998,0.991749450625564,0.992794363475519,0.994841629638998,0.984584259231042,0.984584259231042
1Y,2017-02-06,1.003188849297491,0.994309407069078,1.003188849297491,1.001531704904331,1.000221118033538,0.994309407069078,0.990932272020678,0.992137329262559,1.003188849297491,1.001531704904331,1.000221118033538,0.994309407069078,0.990932272020678,0.992137329262559,0.994309407069078,0.983129214773971,0.983129214773971
1Y1M,2017-03-06,1.003498119025955,0.993782083437071,1.003498119025955,1.001696627848633,1.000274994373884,0.993782083437071,0.990217793106526,0.991562781030213,1.003498119025955,1.001696627848633,1.000274994373884,0.993782083437071,0.990217793106526,0.991562781030213,0.993782083437071,0.981857814903029,0.981857814903029
1Y2M,2017-04-05,1.003838841205526,0.993212308680932,1.003838841205526,1.001872152691215,1.000332722244611,0.993212308680932,0.989452851634727,0.990947562852615,1.003838841205526,1.001872152691215,1.000332722244611,0.993212308680932,0.989452851634727,0.990947562852615,0.993212308680932,0.980497425254205,0.980497425254205
1Y3M,2017-05-05,1.004179679072015,0.992642860599302,1.004179679072015,1.002047708290584,1.000390453446929,0.992642860599302,0.988688501078846,0.990332726389028,1.004179679072015,1.002047708290584,1.000390453446929,0.992642860599302,0.988688501078846,0.990332726389028,0.992642860599302,0.979138920460772,0.979138920460772
1Y4M,2017-06-05,1.004479855564605,0.992046249172375,1.004479855564605,1.002223810970942,1.000450112522883,0.992046249172375,0.987899292476217,0.989697796136857,1.004479855564605,1.002223810970942,1.000450112522883,0.992046249172375,0.987899292476217,0.989697796136857,0.992046249172375,0.977737109545534,0.977737109545534
1Y5M,2017-07-05,1.004762956566397,0.991468003229552,1.004762956566397,1.002393497085015,1.000507850500029,0.991468003229552,0.987136142042004,0.989083735094874,1.004762956566397,1.002393497085015,1.000507850500029,0.991468003229552,0.987136142042004,0.989083735094874,0.991468003229552,0.976382429241616,0.976382429241616
1Y6M,2017-08-07,1.005074459825224,0.990832321976680,1.005074459825224,1.002580184993242,1.000571366123557,0.990832321976680,0.986297357456689,0.988408707990041,1.005074459825224,1.002580184993242,1.000571366123557,0.990832321976680,0.986297357456689,0.988408707990041,0.990832321976680,0.974894448678565,0.974894448678565
1Y7M,2017-09-05,1.005360079265428,0.990324206869515,1.005360079265428,1.002744272766804,1.000627186212302,0.990324206869515,0.985560832127342,0.987815882675954,1.005360079265428,1.002744272766804,1.000627186212302,0.990324206869515,0.985560832127342,0.987815882675954,0.990324206869515,0.973588701513480,0.973588701513480
1Y8M,2017-10-05,1.005656537124256,0.989802687829533,1.005656537124256,1.002914047000056,1.000684934408725,0.989802687829533,0.984799488149560,0.987202989272965,1.005656537124256,1.002914047000056,1.000684934408725,0.989802687829533,0.984799488149560,0.987202989272965,0.989802687829533,0.972239768937247,0.972239768937247
1Y9M,2017-11-06,1.005972855195795,0.989246703563729,1.005972855195795,1.003095171198370,1.000746536158360,0.989246703563729,0.983988036152978,0.986549655447803,1.005972855195795,1.003095171198370,1.000746536158360,0.989246703563729,0.983988036152978,0.986549655447803,0.989246703563729,0.970802967491893,0.970802967491893
1Y10M,2017-12-05,1.006310648522127,0.988558297472201,1.006310648522127,1.003259343257399,1.000802366019529,0.988558297472201,0.983253235327524,0.985957945151621,1.006310648522127,1.003259343257399,1.000802366019529,0.988558297472201,0.983253235327524,0.985957945151621,0.988558297472201,0.969502700345664,0.969502700345664
1Y11M,2018-01-05,1.006678161705248,0.987808323054872,1.006678161705248,1.003434867240289,1.000862049660215,0.987808323054872,0.982468365359849,0.985325819695131,1.006678161705248,1.003434867240289,1.000862049660215,0.987808323054872,0.982468365359849,0.985325819695131,0.987808323054872,0.968114685387523,0.968114685387523
2Y,2018-02-05,1.007045809107300,0.987058917609174,1.007045809107300,1.003610421931757,1.000921736860182,0.987058917609174,0.981684121905104,0.984694099512107,1.007045809107300,1.003610421931757,1.000921736860182,0.987058917609174,0.981684121905104,0.984694099512107,0.987058917609174,0.966728657618817,0.966728657618817
2Y1M,2018-03-05,1.007251372847972,0.986410767227299,1.007251372847972,1.003685773731295,1.000899285013715,0.986410767227299,0.980797315274267,0.983891172293429,1.007251372847972,1.003685773731295,1.000899285013715,0.986410767227299,0.980797315274267,0.983891172293429,0.986410767227299,0.965478467234825,0.965478467234825
2Y2M,2018-04-05,1.007455642222879,0.985696072223033,1.007455642222879,1.003753845229393,1.000860337854934,0.985696072223033,0.979783435675205,0.982960088867707,1.007455642222879,1.003753845229393,1.000860337854934,0.985696072223033,0.979783435675205,0.982960088867707,0.985696072223033,0.964096213679670,0.964096213679670
2Y3M,2018-05-07,1.007666544384158,0.984958865688290,1.007666544384158,1.003824117424775,1.000820135925830,0.984958865688290,0.978737949606896,0.981999894686145,1.007666544384158,1.003824117424775,1.000820135925830,0.984958865688290,0.978737949606896,0.981999894686145,0.984958865688290,0.962671446993990,0.962671446993990
2Y4M,2018-06-05,1.007857712603468,0.984291248525358,1.007857712603468,1.003887805851331,1.000783704322402,0.984291248525358,0.977791441506265,0.981130528911265,1.007857712603468,1.003887805851331,1.000783704322402,0.984291248525358,0.977791441506265,0.981130528911265,0.984291248525358,0.961382070985619,0.961382070985619
2Y5M,2018-07-05,1.008055510995121,0.983601086271508,1.008055510995121,1.003953694682699,1.000746017852343,0.983601086271508,0.976813258413486,0.980231994915712,1.008055510995121,1.003953694682699,1.000746017852343,0.983601086271508,0.976813258413486,0.980231994915712,0.983601086271508,0.960050051014821,0.960050051014821
2Y6M,2018-08-06,1.008266538733760,0.982865446586200,1.008266538733760,1.004023980869421,1.000705820515174,0.982865446586200,0.975770941697540,0.979274465643915,1.008266538733760,1.004023980869421,1.000705820515174,0.982865446586200,0.975770941697540,0.979274465643915,0.982865446586200,0.958631263854512,0.958631263854512
2Y7M,2018-09-05,1.008464417360103,0.982176284071686,1.008464417360103,1.004089878638455,1.000668136977982,0.982176284071686,0.974794779913876,0.978377631458831,1.008464417360103,1.004089878638455,1.000668136977982,0.982176284071686,0.974794779913876,0.978377631458831,0.982176284071686,0.957303055198846,0.957303055198846
2Y8M,2018-10-05,1.008662334821366,0.981487604781984,1.008662334821366,1.004155780732600,1.000630454859839,0.981487604781984,0.973819594682993,0.977481618607891,1.008662334821366,1.004155780732600,1.000630454859839,0.981487604781984,0.973819594682993,0.977481618607891,0.981487604781984,0.955976686810966,0.955976686810966
2Y9M,2018-11-05,1.008866890337676,0.980776476810563,1.008866890337676,1.004223884107289,1.000591518161821,0.980776476810563,0.972812928162969,0.976556600720077,1.008866890337676,1.004223884107289,1.000591518161821,0.980776476810563,0.972812928162969,0.976556600720077,0.980776476810563,0.954608036738662,0.954608036738662
2Y10M,2018-12-05,1.009064886786783,0.980088779033331,1.009064886786783,1.004289794996704,1.000553838928909,0.980088779033331,0.971839725577662,0.975662255596292,1.009064886786783,1.004289794996704,1.000553838928909,0.980088779033331,0.971839725577662,0.975662255596292,0.980088779033331,0.953285402369252,0.953285402369252
2Y11M,2019-01-07,1.009282727762135,0.979332868403785,1.009282727762135,1.004362301971570,1.000512393411516,0.979332868403785,0.970770327195538,0.974679421939336,1.009282727762135,1.004362301971570,1.000512393411516,0.979332868403785,0.970770327195538,0.974679421939336,0.979332868403785,0.951832621053977,0.951832621053977
3Y,2019-02-05,1.009474202593687,0.978669064610606,1.009474202593687,1.004426024543675,1.000475973010453,0.978669064610606,0.969831524343445,0.973816536988431,1.009474202593687,1.004426024543675,1.000475973010453,0.978669064610606,0.969831524343445,0.973816536988431,0.978669064610606,0.950557762274894,0.950557762274894
3Y1M,2019-03-05,1.009553556808135,0.977791406039833,1.009553556808135,1.004361638181801,1.000288226241178,0.977791406039833,0.968788936754381,0.972852380345277,1.009553556808135,1.004361638181801,1.000288226241178,0.977791406039833,0.968788936754381,0.972852380345277,0.977791406039833,0.949328484375186,0.949328484375186
3Y2M,2019-04-05,1.009609548558408,0.976800454715545,1.009609548558408,1.004252343974284,1.000034346697245,0.976800454715545,0.967594631171096,0.971746299741295,1.009609548558408,1.004252343974284,1.000034346697245,0.976800454715545,0.967594631171096,0.971746299741295,0.976800454715545,0.947969352383050,0.947969352383050
3Y3M,2019-05-06,1.009665543414090,0.975810507679616,1.009665543414090,1.004143061660117,0.999780531589561,0.975810507679616,0.966401797906261,0.970641476691210,1.009665543414090,1.004143061660117,0.999780531589561,0.975810507679616,0.966401797906261,0.970641476691210,0.975810507679616,0.946612166229265,0.946612166229265
3Y4M,2019-06-05,1.009719734941029,0.974853449676651,1.009719734941029,1.004037315904724,0.999534965402486,0.974853449676651,0.965248843267508,0.969573489106456,1.009719734941029,1.004037315904724,0.999534965402486,0.974853449676651,0.965248843267508,0.969573489106456,0.974853449676651,0.945300610347299,0.945300610347299
3Y5M,2019-07-05,1.009773929376577,0.973897330339557,1.009773929376577,1.003931581285358,0.999289459531400,0.973897330339557,0.964097264148132,0.968506676618284,1.009773929376577,1.003931581285358,0.999289459531400,0.973897330339557,0.964097264148132,0.968506676618284,0.973897330339557,0.943990871660266,0.943990871660266
3Y6M,2019-08-05,1.009829933349130,0.972910325500632,1.009829933349130,1.003822333876451,0.999035833480840,0.972910325500632,0.962908742374483,0.967405536844689,1.009829933349130,1.003822333876451,0.999035833480840,0.972910325500632,0.962908742374483,0.967405536844689,0.972910325500632,0.942639381406814,0.942639381406814
3Y7M,2019-09-05,1.009885940427769,0.971924320950467,1.009885940427769,1.003713098355799,0.998782271802192,0.971924320950467,0.961721685789109,0.966305649007534,1.009885940427769,1.003713098355799,0.998782271802192,0.971924320950467,0.961721685789109,0.966305649007534,0.971924320950467,0.941289826051209,0.941289826051209
3Y8M,2019-10-07,1.009943757444544,0.970907557937422,1.009943757444544,1.003600351576985,0.998520598217408,0.970907557937422,0.960497871987675,0.965171592573910,1.009943757444544,1.003600351576985,0.998520598217408,0.970907557937422,0.960497871987675,0.965171592573910,0.970907557937422,0.939898763243682,0.939898763243682
3Y9M,2019-11-05,1.009996156975141,0.969987035252882,1.009996156975141,1.003498185748199,0.998283515748740,0.969987035252882,0.959390135959805,0.964145003588840,1.009996156975141,1.003498185748199,0.998283515748740,0.969987035252882,0.959390135959805,0.964145003588840,0.969987035252882,0.938639888349855,0.938639888349855
3Y10M,2019-12-05,1.010050366247019,0.969035688810561,1.010050366247019,1.003392507904335,0.998038317258835,0.969035688810561,0.958245546504337,0.963084164011651,1.010050366247019,1.003392507904335,0.998038317258835,0.969035688810561,0.958245546504337,0.963084164011651,0.969035688810561,0.937339378267129,0.937339378267129
3Y11M,2020-01-06,1.010108192677343,0.968021947693619,1.010108192677343,1.003279797137345,0.997776838584652,0.968021947693619,0.957026156173118,0.961953888313233,1.010108192677343,1.003279797137345,0.997776838584652,0.968021947693619,0.957026156173118,0.961953888313233,0.968021947693619,0.935954153535010,0.935954153535010
4Y,2020-02-05,1.010162407962486,0.967072528575055,1.010162407962486,1.003174142291866,0.997531764544838,0.967072528575055,0.955884387036763,0.960895459599341,1.010162407962486,1.003174142291866,0.997531764544838,0.967072528575055,0.955884387036763,0.960895459599341,0.967072528575055,0.934657364608022,0.934657364608022
4Y1M,2020-03-05,1.010094688606673,0.966044018785186,1.010094688606673,1.002916675523897,0.997158107698342,0.966044018785186,0.954637898578827,0.959717549764961,1.010094688606673,1.002916675523897,0.997158107698342,0.966044018785186,0.954637898578827,0.959717549764961,0.966044018785186,0.933405509901272,0.933405509901272
4Y2M,2020-04-06,1.009985394058190,0.964901268370108,1.009985394058190,1.002596953122689,0.996714524395314,0.964901268370108,0.953231279778548,0.958383682903897,1.009985394058190,1.002596953122689,0.996714524395314,0.964901268370108,0.953231279778548,0.958383682903897,0.964901268370108,0.932026098743062,0.932026098743062
4Y3M,2020-05-05,1.009886356088531,0.963866818475575,1.009886356088531,1.002307292737294,0.996312697474303,0.963866818475575,0.951958321816509,0.957176467455362,1.009886356088531,1.002307292737294,0.996312697474303,0.963866818475575,0.951958321816509,0.957176467455362,0.963866818475575,0.930777768282397,0.930777768282397
4Y4M,2020-06-05,1.009780498653327,0.962762253552943,1.009780498653327,1.001997748314960,0.995883337490865,0.962762253552943,0.950599453414740,0.955887677298652,1.009780498653327,1.001997748314960,0.995883337490865,0.962762253552943,0.950599453414740,0.955887677298652,0.962762253552943,0.929445194928428,0.929445194928428
4Y5M,2020-07-06,1.009674652314220,0.961658954431399,1.009674652314220,1.001688299489805,0.995454162539692,0.961658954431399,0.949242524723240,0.954600622433316,1.009674652314220,1.001688299489805,0.995454162539692,0.961658954431399,0.949242524723240,0.954600622433316,0.961658954431399,0.928114529389412,0.928114529389412
4Y6M,2020-08-05,1.009572230937015,0.960592449449033,1.009572230937015,1.001388923878255,0.995039008042039,0.960592449449033,0.947931212179572,0.953356735494637,1.009572230937015,1.001388923878255,0.995039008042039,0.960592449449033,0.947931212179572,0.953356735494637,0.960592449449033,0.926828602466450,0.926828602466450
4Y7M,2020-09-07,1.009459579422063,0.959420660031097,1.009459579422063,1.001059714047795,0.994582538068915,0.959420660031097,0.946490860552762,0.951990331850763,1.009459579422063,1.001059714047795,0.994582538068915,0.959420660031097,0.946490860552762,0.951990331850763,0.959420660031097,0.925416140602689,0.925416140602689
4Y8M,2020-10-05,1.009364006176020,0.958427535493062,1.009364006176020,1.000780469369721,0.994195394432299,0.958427535493062,0.945270460440914,0.950832494965852,1.009364006176020,1.000780469369721,0.994195394432299,0.958427535493062,0.945270460440914,0.950832494965852,0.958427535493062,0.924219376287227,0.924219376287227
4Y9M,2020-11-05,1.009258203494128,0.957329203839458,1.009258203494128,1.000471396479082,0.993766946898538,0.957329203839458,0.943921138595217,0.949552246650252,1.009258203494128,1.000471396479082,0.993766946898538,0.957329203839458,0.943921138595217,0.949552246650252,0.957329203839458,0.922896192433863,0.922896192433863
4Y10M,2020-12-07,1.009148999455241,0.956196762331844,1.009148999455241,1.000152453614706,0.993324872144953,0.956196762331844,0.942530310490126,0.948232508071995,1.009148999455241,1.000152453614706,0.993324872144953,0.956196762331844,0.942530310490126,0.948232508071995,0.956196762331844,0.921532312220806,0.921532312220806
4Y11M,2021-01-05,1.009050043501445,0.955171644350998,1.009050043501445,0.999863499469907,0.992924411767214,0.955171644350998,0.941271642747414,0.947038079417826,1.009050043501445,0.999863499469907,0.992924411767214,0.955171644350998,0.941271642747414,0.947038079417826,0.955171644350998,0.920298036852998,0.920298036852998
5Y,2021-02-05,1.008944273729477,0.954077043859292,1.008944273729477,0.999554709768786,0.992496511962191,0.954077043859292,0.939928028995112,0.945762940092652,1.008944273729477,0.999554709768786,0.992496511962191,0.954077043859292,0.939928028995112,0.945762940092652,0.954077043859292,0.918980467092084,0.918980467092084
5Y1M,2021-03-05,1.008609754881767,0.952947590856807,1.008609754881767,0.999101850718277,0.991846849042620,0.952947590856807,0.938574260740942,0.944493138602714,1.008609754881767,0.999101850718277,0.991846849042620,0.952947590856807,0.938574260740942,0.944493138602714,0.952947590856807,0.917792025502006,0.917792025502006
5Y2M,2021-04-06,1.008182084359577,0.951631442588097,1.008182084359577,0.998551419972752,0.991054784938349,0.951631442588097,0.937002515999450,0.943021291756184,1.008182084359577,0.998551419972752,0.991054784938349,0.951631442588097,0.937002515999450,0.943021291756184,0.951631442588097,0.916435688360791,0.916435688360791
5Y3M,2021-05-05,1.007794664587554,0.950440253427806,1.007794664587554,0.998052854049101,0.990337523211239,0.950440253427806,0.935580395937677,0.941689411829778,1.007794664587554,0.998052854049101,0.990337523211239,0.950440253427806,0.935580395937677,0.941689411829778,0.950440253427806,0.915208239272655,0.915208239272655
5Y4M,2021-06-07,1.007353988696466,0.949086575938642,1.007353988696466,0.997485823203857,0.989521960258660,0.949086575938642,0.933964746697634,0.940176112348681,1.007353988696466,0.997485823203857,0.989521960258660,0.949086575938642,0.933964746697634,0.940176112348681,0.949086575938642,0.913813486529880,0.913813486529880
5Y5M,2021-07-05,1.006980232994275,0.947939513151727,1.006980232994275,0.997004958763143,0.988830494170402,0.947939513151727,0.932596080966359,0.938894007916475,1.006980232994275,0.997004958763143,0.988830494170402,0.947939513151727,0.932596080966359,0.938894007916475,0.947939513151727,0.912631726969306,0.912631726969306
5Y6M,2021-08-05,1.006566593792430,0.946671167808150,1.006566593792430,0.996472843527418,0.988065506032631,0.946671167808150,0.931083111903626,0.937476574466145,1.006566593792430,0.996472843527418,0.988065506032631,0.946671167808150,0.931083111903626,0.937476574466145,0.946671167808150,0.911325132889830,0.911325132889830
5Y7M,2021-09-06,1.006139789611028,0.945363688120386,1.006139789611028,0.995923861169149,0.987276461614380,0.945363688120386,0.929523911906099,0.936015661852353,1.006139789611028,0.995923861169149,0.987276461614380,0.945363688120386,0.929523911906099,0.936015661852353,0.945363688120386,0.909978352692231,0.909978352692231
5Y8M,2021-10-05,1.005753154643038,0.944180344519675,1.005753154643038,0.995426607157189,0.986561934394740,0.944180344519675,0.928113142371922,0.934693676355609,1.005753154643038,0.995426607157189,0.986561934394740,0.944180344519675,0.928113142371922,0.934693676355609,0.944180344519675,0.908759552384231,0.908759552384231
5Y9M,2021-11-05,1.005340019490521,0.942917028952750,1.005340019490521,0.994895334309387,0.985798701281039,0.942917028952750,0.926607446069113,0.933282584079476,1.005340019490521,0.994895334309387,0.985798701281039,0.942917028952750,0.926607446069113,0.933282584079476,0.942917028952750,0.907458502009010,0.907458502009010
5Y10M,2021-12-06,1.004927054042323,0.941655403705084,1.004927054042323,0.994364345009199,0.985036058626756,0.941655403705084,0.925104192487190,0.931873622107059,1.004927054042323,0.994364345009199,0.985036058626756,0.941655403705084,0.925104192487190,0.931873622107059,0.941655403705084,0.906159314318009,0.906159314318009
5Y11M,2022-01-05,1.004527571575652,0.940436083324869,1.004527571575652,0.993850754228668,0.984298579114172,0.940436083324869,0.923651753019274,0.930512135824479,1.004527571575652,0.993850754228668,0.984298579114172,0.940436083324869,0.923651753019274,0.930512135824479,0.940436083324869,0.904903806919002,0.904903806919002
6Y,2022-02-07,1.004088324278279,0.939096654411369,1.004088324278279,0.993286110752193,0.983487989354028,0.939096654411369,0.922056703294729,0.929016798280478,1.004088324278279,0.993286110752193,0.983487989354028,0.939096654411369,0.922056703294729,0.929016798280478,0.939096654411369,0.903524757854004,0.903524757854004
6Y1M,2022-03-07,1.003512120443657,0.937961665409416,1.003512120443657,0.992624598217383,0.982800739732333,0.937961665409416,0.920670766301571,0.927641329532354,1.003512120443657,0.992624598217383,0.982800739732333,0.937961665409416,0.920670766301571,0.927641329532354,0.937961665409416,0.902356303857046,0.902356303857046
6Y2M,2022-04-05,1.002899472260017,0.936787587170087,1.002899472260017,0.991925382560904,0.982089451752396,0.936787587170087,0.919234765709888,0.926210246765639,1.002899472260017,0.991925382560904,0.982089451752396,0.936787587170087,0.919234765709888,0.926210246765639,0.936787587170087,0.901147712314388,0.901147712314388
6Y3M,2022-05-05,1.002266091866805,0.935574569974546,1.002266091866805,0.991202574319486,0.981354178313572,0.935574569974546,0.917751604773864,0.924732139530078,1.002266091866805,0.991202574319486,0.981354178313572,0.935574569974546,0.917751604773864,0.924732139530078,0.935574569974546,0.899899148620860,0.899899148620860
6Y4M,2022-06-06,1.001590927008762,0.934282416174761,1.001590927008762,0.990432159398188,0.980570493393901,0.934282416174761,0.916172204010320,0.923158091708647,1.001590927008762,0.990432159398188,0.980570493393901,0.934282416174761,0.916172204010320,0.923158091708647,0.934282416174761,0.898569254042669,0.898569254042669
6Y5M,2022-07-05,1.000979451721438,0.933112943375742,1.000979451721438,0.989734488119665,0.979860819522855,0.933112943375742,0.914743219974770,0.921733925283609,1.000979451721438,0.989734488119665,0.979860819522855,0.933112943375742,0.914743219974770,0.921733925283609,0.933112943375742,0.897365734771748,0.897365734771748
6Y6M,2022-08-05,1.000326218532823,0.931864436018108,1.000326218532823,0.988989245027153,0.979102770587248,0.931864436018108,0.913218149930680,0.920213969984692,1.000326218532823,0.988989245027153,0.979102770587248,0.931864436018108,0.913218149930680,0.920213969984692,0.931864436018108,0.896080996665972,0.896080996665972
6Y7M,2022-09-05,0.999673411640270,0.930617599166314,0.999673411640270,0.988244563082376,0.978345308100428,0.930617599166314,0.911695622500287,0.918696521118540,0.999673411640270,0.988244563082376,0.978345308100428,0.930617599166314,0.911695622500287,0.918696521118540,0.930617599166314,0.894798097890513,0.894798097890513
6Y8M,2022-10-05,0.999042068663170,0.929412571296899,0.999042068663170,0.987524437025224,0.977612837837398,0.929412571296899,0.910224625772054,0.917230404780600,0.999042068663170,0.987524437025224,0.977612837837398,0.929412571296899,0.910224625772054,0.917230404780600,0.929412571296899,0.893558331753622,0.893558331753622
6Y9M,2022-11-07,0.998348051905085,0.928088842770699,0.998348051905085,0.986732904434121,0.976807753920229,0.928088842770699,0.908609270516961,0.915620379047308,0.998348051905085,0.986732904434121,0.976807753920229,0.928088842770699,0.908609270516961,0.915620379047308,0.928088842770699,0.892196572887648,0.892196572887648
6Y10M,2022-12-05,0.997759567296633,0.926967157772214,0.997759567296633,0.986061798574171,0.976125172367006,0.926967157772214,0.907240914369438,0.914256513045525,0.997759567296633,0.986061798574171,0.976125172367006,0.926967157772214,0.907240914369438,0.914256513045525,0.926967157772214,0.891042768697336,0.891042768697336
6Y11M,2023-01-05,0.997108435385288,0.925726873490467,0.997108435385288,0.985319320916781,0.975370013437095,0.925726873490467,0.905728352252481,0.912748888129641,0.997108435385288,0.985319320916781,0.975370013437095,0.925726873490467,0.905728352252481,0.912748888129641,0.925726873490467,0.889767083038230,0.889767083038230
7Y,2023-02-06,0.996436744922353,0.924448320678609,0.996436744922353,0.984553478770336,0.974591107321931,0.924448320678609,0.904169642854785,0.911195237794092,0.996436744922353,0.984553478770336,0.974591107321931,0.924448320678609,0.904169642854785,0.911195237794092,0.924448320678609,0.888452161892457,0.888452161892457
7Y1M,2023-03-06,0.995687406400707,0.923106398356033,0.995687406400707,0.983589160345683,0.973538238659770,0.923106398356033,0.902712485673332,0.909809597933075,0.995687406400707,0.983589160345683,0.973538238659770,0.923106398356033,0.902712485673332,0.909809597933075,0.923106398356033,0.887303200039840,0.887303200039840
7Y2M,2023-04-05,0.994864361637466,0.921652303132501,0.994864361637466,0.982519166933274,0.972363685391417,0.921652303132501,0.901141596706271,0.908323681002574,0.994864361637466,0.982519166933274,0.972363685391417,0.921652303132501,0.901141596706271,0.908323681002574,0.921652303132501,0.886073818279690,0.886073818279690
7Y3M,2023-05-05,0.994041997210924,0.920200498428157,0.994041997210924,0.981450337508786,0.971190549196710,0.920200498428157,0.899573441380525,0.906840190897563,0.994041997210924,0.981450337508786,0.971190549196710,0.920200498428157,0.899573441380525,0.906840190897563,0.920200498428157,0.884846139860079,0.884846139860079
7Y4M,2023-06-05,0.993192934770964,0.918702702718784,0.993192934770964,0.980347101925771,0.969979795360727,0.918702702718784,0.897955880999660,0.905309796427267,0.993192934770964,0.980347101925771,0.969979795360727,0.918702702718784,0.897955880999660,0.905309796427267,0.918702702718784,0.883579325773495,0.883579325773495
7Y5M,2023-07-05,0.992371951961906,0.917255544282608,0.992371951961906,0.979280635373246,0.968809535278858,0.917255544282608,0.896393269416507,0.903831228651200,0.992371951961906,0.979280635373246,0.968809535278858,0.917255544282608,0.896393269416507,0.903831228651200,0.917255544282608,0.882355103538409,0.882355103538409
7Y6M,2023-08-07,0.991469654670609,0.915666302793538,0.991469654670609,0.978108862091551,0.967523879860780,0.915666302793538,0.894677537211654,0.902207593065875,0.991469654670609,0.978108862091551,0.967523879860780,0.915666302793538,0.894677537211654,0.902207593065875,0.915666302793538,0.881010418090932,0.881010418090932
7Y7M,2023-09-05,0.990677404034731,0.914271969909882,0.990677404034731,0.977080279466442,0.966395469992325,0.914271969909882,0.893172483773493,0.900783169775324,0.990677404034731,0.977080279466442,0.966395469992325,0.914271969909882,0.893172483773493,0.900783169775324,0.914271969909882,0.879830416648322,0.879830416648322
7Y8M,2023-10-05,0.989858500587515,0.912831790850542,0.989858500587515,0.976017366713260,0.965229534323107,0.912831790850542,0.891618196198312,0.899311994964989,0.989858500587515,0.976017366713260,0.965229534323107,0.912831790850542,0.891618196198312,0.899311994964989,0.912831790850542,0.878611388624751,0.878611388624751
7Y9M,2023-11-06,0.988985749672487,0.911298100265673,0.988985749672487,0.974884867562351,0.963987420038006,0.911298100265673,0.889963270573638,0.897745390100494,0.988985749672487,0.974884867562351,0.963987420038006,0.911298100265673,0.889963270573638,0.897745390100494,0.911298100265673,0.877312953656944,0.877312953656944
7Y10M,2023-12-05,0.988195483843007,0.909910419072058,0.988195483843007,0.973859675300918,0.962863134694275,0.909910419072058,0.888466147616479,0.896328011824726,0.988195483843007,0.973859675300918,0.962863134694275,0.909910419072058,0.888466147616479,0.896328011824726,0.909910419072058,0.876137904497846,0.876137904497846
7Y11M,2024-01-05,0.987351415211074,0.908429372361121,0.987351415211074,0.972764972282746,0.961662762393678,0.908429372361121,0.886868559722022,0.894815357834931,0.987351415211074,0.972764972282746,0.961662762393678,0.908429372361121,0.886868559722022,0.894815357834931,0.908429372361121,0.874883557793702,0.874883557793702
8Y,2024-02-05,0.986508067541610,0.906950736326349,0.986508067541610,0.971671499806026,0.960463886560864,0.906950736326349,0.885273844516736,0.893305256618297,0.986508067541610,0.971671499806026,0.960463886560864,0.906950736326349,0.885273844516736,0.893305256618297,0.906950736326349,0.873631006909195,0.873631006909195
8Y1M,2024-03-05,0.985583607053572,0.905569675090768,0.985583607053572,0.970709725306770,0.959343710666036,0.905569675090768,0.883649280255412,0.891819050638930,0.985583607053572,0.970709725306770,0.959343710666036,0.905569675090768,0.883649280255412,0.891819050638930,0.905569675090768,0.872460889249639,0.872460889249639
8Y2M,2024-04-05,0.984573083322001,0.904095693739740,0.984573083322001,0.969692932403694,0.958147725924757,0.904095693739740,0.881892875045240,0.890220134703782,0.984573083322001,0.969692932403694,0.958147725924757,0.904095693739740,0.881892875045240,0.890220134703782,0.904095693739740,0.871211806844567,0.871211806844567
8Y3M,2024-05-06,0.983563595685394,0.902624111564704,0.983563595685394,0.968677204564439,0.956953232181422,0.902624111564704,0.880139960993078,0.888624085417610,0.983563595685394,0.968677204564439,0.956953232181422,0.902624111564704,0.880139960993078,0.888624085417610,0.902624111564704,0.869964512722356,0.869964512722356
8Y4M,2024-06-05,0.982587657665909,0.901202280439269,0.982587657665909,0.967695255171158,0.955798688372166,0.901202280439269,0.878446910066752,0.887082246182960,0.982587657665909,0.967695255171158,0.955798688372166,0.901202280439269,0.878446910066752,0.887082246182960,0.901202280439269,0.868759154166373,0.868759154166373
8Y5M,2024-07-05,0.981612688017988,0.899782689009985,0.981612688017988,0.966714301181306,0.954645537495565,0.899782689009985,0.876757115919537,0.885543082172023,0.981612688017988,0.966714301181306,0.954645537495565,0.899782689009985,0.876757115919537,0.885543082172023,0.899782689009985,0.867555465666153,0.867555465666153
8Y6M,2024-08-05,0.980606235689282,0.898318127044121,0.980606235689282,0.965701693379904,0.953455409824448,0.898318127044121,0.875014410073603,0.883955418234669,0.980606235689282,0.965701693379904,0.953455409824448,0.898318127044121,0.875014410073603,0.883955418234669,0.898318127044121,0.866313406244419,0.866313406244419
8Y7M,2024-09-05,0.979600815281111,0.896855948922465,0.979600815281111,0.964690146258537,0.952266765849445,0.896855948922465,0.873275168155832,0.882370600772917,0.979600815281111,0.964690146258537,0.952266765849445,0.896855948922465,0.873275168155832,0.882370600772917,0.896855948922465,0.865073125050899,0.865073125050899
8Y8M,2024-10-07,0.978564043223917,0.895349100082807,0.978564043223917,0.963647079962101,0.951041332819240,0.895349100082807,0.871483447700483,0.880737640446093,0.978564043223917,0.963647079962101,0.951041332819240,0.895349100082807,0.871483447700483,0.880737640446093,0.895349100082807,0.863794697284291,0.863794697284291
8Y9M,2024-11-05,0.977625416375399,0.893985705264423,0.977625416375399,0.962702775331891,0.949932146319971,0.893985705264423,0.869862876559878,0.879260380647198,0.977625416375399,0.962702775331891,0.949932146319971,0.893985705264423,0.869862876559878,0.879260380647198,0.893985705264423,0.862637754110881,0.862637754110881
8Y10M,2024-12-05,0.976655370496473,0.892577481525268,0.976655370496473,0.961726882225609,0.948786073302121,0.892577481525268,0.868189594793108,0.877734788245864,0.976655370496473,0.961726882225609,0.948786073302121,0.892577481525268,0.868189594793108,0.877734788245864,0.892577481525268,0.861442546970330,0.861442546970330
8Y11M,2025-01-06,0.975621715785448,0.891077821135038,0.975621715785448,0.960687019943283,0.947565119432345,0.891077821135038,0.866408308535539,0.876110407191664,0.975621715785448,0.960687019943283,0.947565119432345,0.891077821135038,0.866408308535539,0.876110407191664,0.891077821135038,0.860169484567288,0.860169484567288
9Y,2025-02-05,0.974653658072407,0.889674177951744,0.974653658072407,0.959713170210966,0.946421902182309,0.889674177951744,0.864741672029582,0.874590280265261,0.974653658072407,0.959713170210966,0.946421902182309,0.889674177951744,0.864741672029582,0.874590280265261,0.889674177951744,0.858977697278661,0.858977697278661
9Y1M,2025-03-05,0.973622427103893,0.888366105905499,0.973622427103893,0.958567888570949,0.945356143854683,0.888366105905499,0.863160628665328,0.873086882227145,0.973622427103893,0.958567888570949,0.945356143854683,0.888366105905499,0.863160628665328,0.873086882227145,0.888366105905499,0.857866852318456,0.857866852318456
9Y2M,2025-04-07,0.972367175188365,0.886826918400132,0.972367175188365,0.957159156700910,0.944101612180394,0.886826918400132,0.861293704029136,0.871296095693019,0.972367175188365,0.957159156700910,0.944101612180394,0.886826918400132,0.861293704029136,0.871296095693019,0.886826918400132,0.856559486307244,0.856559486307244
9Y3M,2025-05-05,0.971303382155348,0.885523032628728,0.971303382155348,0.955965492717155,0.943038466713254,0.885523032628728,0.859712813698961,0.869779521199358,0.971303382155348,0.955965492717155,0.943038466713254,0.885523032628728,0.859712813698961,0.869779521199358,0.885523032628728,0.855451768619701,0.855451768619701
9Y4M,2025-06-05,0.970126968781202,0.884081680878661,0.970126968781202,0.954645672477925,0.941862809225652,0.884081680878661,0.857965926737512,0.868103535529456,0.970126968781202,0.954645672477925,0.941862809225652,0.884081680878661,0.857965926737512,0.868103535529456,0.884081680878661,0.854227037785647,0.854227037785647
9Y5M,2025-07-07,0.968914101090507,0.882596294672999,0.968914101090507,0.953285188644682,0.940650764620360,0.882596294672999,0.856166411676527,0.866376873151731,0.968914101090507,0.953285188644682,0.940650764620360,0.882596294672999,0.856166411676527,0.866376873151731,0.882596294672999,0.852964638651437,0.852964638651437
9Y6M,2025-08-05,0.967816249570376,0.881252319217202,0.967816249570376,0.952053924966330,0.939553696498672,0.881252319217202,0.854538861525545,0.864815052034926,0.967816249570376,0.952053924966330,0.939553696498672,0.881252319217202,0.854538861525545,0.864815052034926,0.881252319217202,0.851822200964622,0.851822200964622
9Y7M,2025-09-05,0.966644059706090,0.879817918839400,0.966644059706090,0.950739505095966,0.938382383368527,0.879817918839400,0.852802487737155,0.863148632443525,0.966644059706090,0.950739505095966,0.938382383368527,0.879817918839400,0.852802487737155,0.863148632443525,0.879817918839400,0.850602666500000,0.850602666500000
9Y8M,2025-10-06,0.965473289562828,0.878385853212270,0.965473289562828,0.949426899933311,0.937212530478976,0.878385853212270,0.851069642160375,0.861485423890423,0.965473289562828,0.949426899933311,0.937212530478976,0.878385853212270,0.851069642160375,0.861485423890423,0.878385853212270,0.849384878015125,0.849384878015125
9Y9M,2025-11-05,0.964341636342270,0.877002202664674,0.964341636342270,0.948158362356261,0.936081803408276,0.877002202664674,0.849396047402727,0.859878918734335,0.964341636342270,0.948158362356261,0.936081803408276,0.877002202664674,0.849396047402727,0.859878918734335,0.877002202664674,0.848208033080572,0.848208033080572
9Y10M,2025-12-05,0.963211309558212,0.875620731670439,0.963211309558212,0.946891519683352,0.934952440535840,0.875620731670439,0.847725743702912,0.858275409402372,0.963211309558212,0.946891519683352,0.934952440535840,0.875620731670439,0.847725743702912,0.858275409402372,0.875620731670439,0.847032818695415,0.847032818695415
9Y11M,2026-01-05,0.962044697058441,0.874195497738079,0.962044697058441,0.945584227106837,0.933786863652111,0.874195497738079,0.846003213777847,0.856621591104829,0.962044697058441,0.945584227106837,0.933786863652111,0.874195497738079,0.846003213777847,0.856621591104829,0.874195497738079,0.845820141080421,0.845820141080421
10Y,2026-02-05,0.960879497524559,0.872772583636313,0.960879497524559,0.944278739397982,0.932622739857773,0.872772583636313,0.844284183934458,0.854970959564044,0.960879497524559,0.944278739397982,0.932622739857773,0.872772583636313,0.844284183934458,0.854970959564044,0.872772583636313,0.844609199628378,0.844609199628378
10Y1M,2026-03-05,0.959821257929008,0.871342609937007,0.959821257929008,0.943101256571961,0.931522986520343,0.871342609937007,0.842690076234345,0.853444906562385,0.959821257929008,0.943101256571961,0.931522986520343,0.871342609937007,0.842690076234345,0.853444906562385,0.871342609937007,0.843516936260281,0.843516936260281
10Y2M,2026-04-07,0.958573748287487,0.869631523638170,0.958573748287487,0.941715416961994,0.930218797328938,0.869631523638170,0.840806460865736,0.851642413037562,0.958573748287487,0.941715416961994,0.930218797328938,0.869631523638170,0.840806460865736,0.851642413037562,0.869631523638170,0.842231439135210,0.842231439135210
10Y3M,2026-05-05,0.957516526874266,0.868182328126408,0.957516526874266,0.940541150142201,0.929113644577982,0.868182328126408,0.839211543906136,0.850116010306760,0.957516526874266,0.940541150142201,0.929113644577982,0.868182328126408,0.839211543906136,0.850116010306760,0.868182328126408,0.841142250728510,0.841142250728510
10Y4M,2026-06-05,0.956347391794563,0.866580678495909,0.956347391794563,0.939242776919346,0.927891614074513,0.866580678495909,0.837449271715721,0.848429255382278,0.956347391794563,0.939242776919346,0.927891614074513,0.866580678495909,0.837449271715721,0.848429255382278,0.866580678495909,0.839938006505653,0.839938006505653
10Y5M,2026-07-06,0.955179684237828,0.864981983638222,0.955179684237828,0.937946196040214,0.926671190864791,0.864981983638222,0.835690700145604,0.846745847227108,0.955179684237828,0.937946196040214,0.926671190864791,0.864981983638222,0.835690700145604,0.846745847227108,0.864981983638222,0.838735486371852,0.838735486371852
10Y6M,2026-08-05,0.954051002217043,0.863437667785272,0.954051002217043,0.936693144570178,0.925491664512231,0.863437667785272,0.833992372854499,0.845119922876233,0.954051002217043,0.936693144570178,0.925491664512231,0.863437667785272,0.833992372854499,0.845119922876233,0.863437667785272,0.837573396447584,0.837573396447584
10Y7M,2026-09-07,0.952810992356940,0.861742104700902,0.952810992356940,0.935316721356780,0.924195919540761,0.861742104700902,0.832128198948677,0.843335011891388,0.952810992356940,0.935316721356780,0.924195919540761,0.861742104700902,0.832128198948677,0.843335011891388,0.861742104700902,0.836296957117341,0.836296957117341
10Y8M,2026-10-05,0.951760126749916,0.860306056493722,0.951760126749916,0.934150433355008,0.923097922310609,0.860306056493722,0.830549743693115,0.841823498555009,0.951760126749916,0.934150433355008,0.923097922310609,0.860306056493722,0.830549743693115,0.841823498555009,0.860306056493722,0.835215443286433,0.835215443286433
10Y9M,2026-11-05,0.950598020279254,0.858718937252913,0.950598020279254,0.932860882218832,0.921883804075089,0.858718937252913,0.828805660539475,0.840153197190822,0.950598020279254,0.932860882218832,0.921883804075089,0.858718937252913,0.828805660539475,0.840153197190822,0.858718937252913,0.834019684338945,0.834019684338945
10Y10M,2026-12-07,0.949399914821221,0.857083691722193,0.949399914821221,0.931531599859658,0.920632195698094,0.857083691722193,0.827009158096675,0.838432491271403,0.949399914821221,0.931531599859658,0.920632195698094,0.857083691722193,0.827009158096675,0.838432491271403,0.857083691722193,0.832787148161967,0.832787148161967
10Y11M,2027-01-05,0.948315436142036,0.855604440375487,0.948315436142036,0.930328573915775,0.919499393440803,0.855604440375487,0.825384441558385,0.836876145783315,0.948315436142036,0.930328573915775,0.919499393440803,0.855604440375487,0.825384441558385,0.836876145783315,0.855604440375487,0.831671735658279,0.831671735658279
11Y,2027-02-05,0.947157535665230,0.854025994821616,0.947157535665230,0.929044298678433,0.918290008223759,0.854025994821616,0.823651205095753,0.835215660693083,0.947157535665230,0.929044298678433,0.918290008223759,0.854025994821616,0.823651205095753,0.835215660693083,0.854025994821616,0.830481050156377,0.830481050156377
11Y1M,2027-03-05,0.946112905317082,0.852602805108523,0.946112905317082,0.927885832039355,0.917199027551602,0.852602805108523,0.822088829760948,0.833718699708315,0.946112905317082,0.927885832039355,0.917199027551602,0.852602805108523,0.822088829760948,0.833718699708315,0.852602805108523,0.829407057557926,0.829407057557926
11Y2M,2027-04-05,0.944957694147436,0.851029897064298,0.944957694147436,0.926604928893327,0.915992667924917,0.851029897064298,0.820362513800141,0.832064479454471,0.944957694147436,0.926604928893327,0.915992667924917,0.851029897064298,0.820362513800141,0.832064479454471,0.851029897064298,0.828219614344134,0.828219614344134
11Y3M,2027-05-05,0.943841090876464,0.849510490896041,0.943841090876464,0.925367028816335,0.914826733879249,0.849510490896041,0.818695337121564,0.830466746317577,0.943841090876464,0.925367028816335,0.914826733879249,0.849510490896041,0.818695337121564,0.830466746317577,0.849510490896041,0.827072094435237,0.827072094435237
11Y4M,2027-06-07,0.942614351156745,0.847842277101474,0.942614351156745,0.924007248757349,0.913545920463371,0.847842277101474,0.816865355776463,0.828712783148651,0.942614351156745,0.924007248757349,0.913545920463371,0.847842277101474,0.816865355776463,0.828712783148651,0.847842277101474,0.825811658806836,0.825811658806836
11Y5M,2027-07-05,0.941574731536207,0.846429392230976,0.941574731536207,0.922855063039752,0.912460576036852,0.846429392230976,0.815315852448081,0.827227477302107,0.941574731536207,0.922855063039752,0.912460576036852,0.846429392230976,0.815315852448081,0.827227477302107,0.846429392230976,0.824743704746829,0.824743704746829
11Y6M,2027-08-05,0.940425061511822,0.844867873089903,0.940425061511822,0.921581104635864,0.911260448728813,0.844867873089903,0.813603759158126,0.825586136586147,0.940425061511822,0.921581104635864,0.911260448728813,0.844867873089903,0.813603759158126,0.825586136586147,0.844867873089903,0.823562937949157,0.823562937949157
11Y7M,2027-09-06,0.939239777748304,0.843259003931924,0.939239777748304,0.920267895422903,0.910023263298054,0.843259003931924,0.811840208050322,0.823895265258198,0.939239777748304,0.920267895422903,0.910023263298054,0.843259003931924,0.811840208050322,0.823895265258198,0.843259003931924,0.822345855026414,0.822345855026414
11Y8M,2027-10-05,0.938166904770638,0.841803612784903,0.938166904770638,0.919079415983577,0.908903514921158,0.841803612784903,0.810245291960755,0.822365904585644,0.938166904770638,0.919079415983577,0.908903514921158,0.841803612784903,0.810245291960755,0.822365904585644,0.841803612784903,0.821244427307367,0.821244427307367
11Y9M,2027-11-05,0.937021395729072,0.840250627424927,0.937021395729072,0.917810669684482,0.907708066090516,0.840250627424927,0.808543846412483,0.820734209943421,0.937021395729072,0.917810669684482,0.907708066090516,0.840250627424927,0.808543846412483,0.820734209943421,0.840250627424927,0.820068670345590,0.820068670345590
11Y10M,2027-12-06,0.935877285362898,0.838700507060411,0.935877285362898,0.916543674830521,0.906514189591682,0.838700507060411,0.806845973753783,0.819105752822829,0.935877285362898,0.916543674830521,0.906514189591682,0.838700507060411,0.806845973753783,0.819105752822829,0.838700507060411,0.818894596688306,0.818894596688306
11Y11M,2028-01-05,0.934771411899422,0.837203113457503,0.934771411899422,0.915319216110023,0.905360320359388,0.837203113457503,0.805206265980674,0.817532903078342,0.934771411899422,0.915319216110023,0.905360320359388,0.837203113457503,0.805206265980674,0.817532903078342,0.837203113457503,0.817759996834942,0.817759996834942
12Y,2028-02-07,0.933556460324502,0.835559068095272,0.933556460324502,0.913974200803756,0.904092760501793,0.835559068095272,0.803406435959797,0.815806256457339,0.933556460324502,0.913974200803756,0.904092760501793,0.835559068095272,0.803406435959797,0.815806256457339,0.835559068095272,0.816513752592841,0.816513752592841
12Y1M,2028-03-06,0.932457933594397,0.834105597933171,0.932457933594397,0.912786318730208,0.902926505582945,0.834105597933171,0.801863145321656,0.814300180497381,0.932457933594397,0.912786318730208,0.902926505582945,0.834105597933171,0.801863145321656,0.814300180497381,0.834105597933171,0.815457822747538,0.815457822747538
12Y2M,2028-04-05,0.931276704122428,0.832546091641238,0.931276704122428,0.911511333655642,0.901671032998630,0.832546091641238,0.800211320445035,0.812686001856869,0.931276704122428,0.911511333655642,0.901671032998630,0.832546091641238,0.800211320445035,0.812686001856869,0.832546091641238,0.814327984634238,0.814327984634238
12Y3M,2028-05-05,0.930096971021517,0.830989501119060,0.930096971021517,0.910238129487415,0.900417306083978,0.830989501119060,0.798562898300462,0.811075022985615,0.930096971021517,0.910238129487415,0.900417306083978,0.830989501119060,0.798562898300462,0.811075022985615,0.830989501119060,0.813199711941156,0.813199711941156
12Y4M,2028-06-05,0.928879483491311,0.829384081633566,0.928879483491311,0.908924353478946,0.899123619616858,0.829384081633566,0.796863096064488,0.809413699616557,0.928879483491311,0.908924353478946,0.899123619616858,0.829384081633566,0.796863096064488,0.809413699616557,0.829384081633566,0.812035472415337,0.812035472415337
12Y5M,2028-07-05,0.927702787168316,0.827833403042101,0.927702787168316,0.907654762819210,0.897873434748699,0.827833403042101,0.795221571207010,0.807809207395445,0.927702787168316,0.907654762819210,0.897873434748699,0.827833403042101,0.795221571207010,0.807809207395445,0.827833403042101,0.810910376057815,0.810910376057815
12Y6M,2028-08-07,0.926410142816225,0.826131005033577,0.926410142816225,0.906260261242058,0.896500239057199,0.826131005033577,0.793419799244350,0.806047939265383,0.926410142816225,0.906260261242058,0.896500239057199,0.826131005033577,0.793419799244350,0.806047939265383,0.826131005033577,0.809674570453563,0.809674570453563
12Y7M,2028-09-05,0.925275669609354,0.824637848627115,0.925275669609354,0.905036558948440,0.895295225165843,0.824637848627115,0.791839794295983,0.804503328568155,0.925275669609354,0.905036558948440,0.895295225165843,0.824637848627115,0.791839794295983,0.804503328568155,0.824637848627115,0.808590114309163,0.808590114309163
12Y8M,2028-10-05,0.924103538565945,0.823096043948324,0.924103538565945,0.903772398782016,0.894050363482069,0.823096043948324,0.790208617357439,0.802908570123669,0.924103538565945,0.903772398782016,0.894050363482069,0.823096043948324,0.790208617357439,0.802908570123669,0.823096043948324,0.807469791585290,0.807469791585290
12Y9M,2028-11-06,0.922854902036320,0.821454629505658,0.922854902036320,0.902425907499350,0.892724418814218,0.821454629505658,0.788472398804538,0.801210978721126,0.922854902036320,0.902425907499350,0.892724418814218,0.821454629505658,0.788472398804538,0.801210978721126,0.821454629505658,0.806276491536581,0.806276491536581
12Y10M,2028-12-05,0.921724782544096,0.819969925221240,0.921724782544096,0.901207382645006,0.891524480120442,0.819969925221240,0.786902246039319,0.799675636977560,0.921724782544096,0.901207382645006,0.891524480120442,0.819969925221240,0.786902246039319,0.799675636977560,0.819969925221240,0.805196586686856,0.805196586686856
12Y11M,2029-01-05,0.920518254123950,0.818385794863760,0.920518254123950,0.899906641004310,0.890243570538579,0.818385794863760,0.785227264393970,0.798037662948368,0.920518254123950,0.899906641004310,0.890243570538579,0.818385794863760,0.785227264393970,0.798037662948368,0.818385794863760,0.804043805053378,0.804043805053378
13Y,2029-02-05,0.919313305037305,0.816804724946562,0.919313305037305,0.898607776765917,0.888964501320490,0.816804724946562,0.783555848075225,0.796403043978148,0.919313305037305,0.898607776765917,0.888964501320490,0.816804724946562,0.783555848075225,0.796403043978148,0.816804724946562,0.802892673831137,0.802892673831137
13Y1M,2029-03-05,0.918226319677972,0.815379287390971,0.918226319677972,0.897436220480046,0.887810792626915,0.815379287390971,0.782049239884206,0.794929491968774,0.918226319677972,0.897436220480046,0.887810792626915,0.815379287390971,0.782049239884206,0.794929491968774,0.815379287390971,0.801854359002782,0.801854359002782
13Y2M,2029-04-05,0.917024370710342,0.813804025857241,0.917024370710342,0.896140921879160,0.886535218734649,0.813804025857241,0.780384588233815,0.793301239459038,0.917024370710342,0.896140921879160,0.886535218734649,0.813804025857241,0.780384588233815,0.793301239459038,0.813804025857241,0.800706362360638,0.800706362360638
13Y3M,2029-05-07,0.915785299459082,0.812181141515417,0.915785299459082,0.894805800402806,0.885220419597870,0.812181141515417,0.778669954691826,0.791623960857410,0.915785299459082,0.894805800402806,0.885220419597870,0.812181141515417,0.778669954691826,0.791623960857410,0.812181141515417,0.799523057485132,0.799523057485132
13Y4M,2029-06-05,0.914663837336134,0.810713198214327,0.914663837336134,0.893597564803029,0.884030567263141,0.810713198214327,0.777119322374950,0.790106990490564,0.914663837336134,0.893597564803029,0.884030567263141,0.810713198214327,0.777119322374950,0.790106990490564,0.810713198214327,0.798452198001681,0.798452198001681
13Y5M,2029-07-05,0.913505149268093,0.809197428104763,0.913505149268093,0.892349382688098,0.882801368503294,0.809197428104763,0.775518469366189,0.788540769754877,0.913505149268093,0.892349382688098,0.882801368503294,0.809197428104763,0.775518469366189,0.788540769754877,0.809197428104763,0.797345921625656,0.797345921625656
13Y6M,2029-08-06,0.912270833142492,0.807583730219535,0.912270833142492,0.891019910061471,0.881492106950310,0.807583730219535,0.773814527489253,0.786873556225092,0.912270833142492,0.891019910061471,0.881492106950310,0.807583730219535,0.773814527489253,0.786873556225092,0.807583730219535,0.796167582897658,0.796167582897658
13Y7M,2029-09-05,0.911115176511021,0.806073811197698,0.911115176511021,0.889775328429212,0.880266437788175,0.806073811197698,0.772220482303543,0.785313745091972,0.911115176511021,0.889775328429212,0.880266437788175,0.806073811197698,0.772220482303543,0.785313745091972,0.806073811197698,0.795064471915534,0.795064471915534
13Y8M,2029-10-05,0.909960983855161,0.804566715233542,0.909960983855161,0.888532485235591,0.879042472855589,0.804566715233542,0.770629720824670,0.783757025955973,0.909960983855161,0.888532485235591,0.879042472855589,0.804566715233542,0.770629720824670,0.783757025955973,0.804566715233542,0.793962889322490,0.793962889322490
13Y9M,2029-11-05,0.908769854128546,0.803012342909612,0.908769854128546,0.887250037682548,0.877779496962663,0.803012342909612,0.768989376494432,0.782151657986324,0.908769854128546,0.887250037682548,0.877779496962663,0.803012342909612,0.768989376494432,0.782151657986324,0.803012342909612,0.792826190717942,0.792826190717942
13Y10M,2029-12-05,0.907618632506359,0.801510970895841,0.907618632506359,0.886010721829275,0.876558989992608,0.801510970895841,0.767405271040326,0.780601207022171,0.907618632506359,0.886010721829275,0.876558989992608,0.801510970895841,0.767405271040326,0.780601207022171,0.801510970895841,0.791727709321961,0.791727709321961
13Y11M,2030-01-07,0.906353973053580,0.799862703653122,0.906353973053580,0.884649473698844,0.875218392329487,0.799862703653122,0.765666523813865,0.778899260553092,0.906353973053580,0.884649473698844,0.875218392329487,0.799862703653122,0.765666523813865,0.778899260553092,0.799862703653122,0.790521137585910,0.790521137585910
14Y,2030-02-05,0.905244060444845,0.798417024804401,0.905244060444845,0.883454951952376,0.874041984031106,0.798417024804401,0.764141786345028,0.777406674229989,0.905244060444845,0.883454951952376,0.874041984031106,0.798417024804401,0.764141786345028,0.777406674229989,0.798417024804401,0.789462335029652,0.789462335029652
14Y1M,2030-03-05,0.904173710396679,0.797023676336376,0.904173710396679,0.882303151101098,0.872907641957797,0.797023676336376,0.762672507189962,0.775968270427324,0.904173710396679,0.882303151101098,0.872907641957797,0.797023676336376,0.762672507189962,0.775968270427324,0.797023676336376,0.788441388549996,0.788441388549996
14Y2M,2030-04-05,0.902990156152503,0.795483876689488,0.902990156152503,0.881029694546641,0.871653480364260,0.795483876689488,0.761049100397840,0.774378856150254,0.902990156152503,0.881029694546641,0.871653480364260,0.795483876689488,0.761049100397840,0.774378856150254,0.795483876689488,0.787312594952480,0.787312594952480
14Y3M,2030-05-06,0.901808151168864,0.793947051838735,0.901808151168864,0.879758076013043,0.870401120703971,0.793947051838735,0.759429149151301,0.772792697467311,0.901808151168864,0.879758076013043,0.870401120703971,0.793947051838735,0.759429149151301,0.772792697467311,0.793947051838735,0.786185417423075,0.786185417423075
14Y4M,2030-06-05,0.900665748570479,0.792462628972048,0.900665748570479,0.878529224974055,0.869190872984311,0.792462628972048,0.757864737608112,0.771260798671669,0.900665748570479,0.878529224974055,0.869190872984311,0.792462628972048,0.757864737608112,0.771260798671669,0.792462628972048,0.785096136991952,0.785096136991952
14Y5M,2030-07-05,0.899524793157612,0.790980981493521,0.899524793157612,0.877302090401125,0.867982308051483,0.790980981493521,0.756303548726943,0.769731936542818,0.899524793157612,0.877302090401125,0.867982308051483,0.790980981493521,0.756303548726943,0.769731936542818,0.790980981493521,0.784008365787318,0.784008365787318
14Y6M,2030-08-05,0.898347324299093,0.789452855953264,0.898347324299093,0.876035852038646,0.866735222996543,0.789452855953264,0.754693698750270,0.768155296136137,0.898347324299093,0.876035852038646,0.866735222996543,0.789452855953264,0.754693698750270,0.768155296136137,0.789452855953264,0.782885918847632,0.782885918847632
14Y7M,2030-09-05,0.897171396735403,0.787927682655503,0.897171396735403,0.874771441278777,0.865489929707542,0.787927682655503,0.753087275462460,0.766581885158890,0.897171396735403,0.874771441278777,0.865489929707542,0.787927682655503,0.753087275462460,0.766581885158890,0.787927682655503,0.781765078889692,0.781765078889692
14Y8M,2030-10-07,0.895959150561088,0.786356400801343,0.895959150561088,0.873468157264356,0.864206342334561,0.786356400801343,0.751432618615026,0.764961099348383,0.895959150561088,0.873468157264356,0.864206342334561,0.786356400801343,0.751432618615026,0.764961099348383,0.786356400801343,0.780609765939982,0.780609765939982
14Y9M,2030-11-05,0.894861967354875,0.784935133362565,0.894861967354875,0.872288733391150,0.863044735675530,0.784935133362565,0.749936226343359,0.763495222395588,0.894861967354875,0.872288733391150,0.863044735675530,0.784935133362565,0.749936226343359,0.763495222395588,0.784935133362565,0.779564238405904,0.779564238405904
14Y10M,2030-12-05,0.893728364120775,0.783467559853562,0.893728364120775,0.871070315572035,0.861844716628599,0.783467559853562,0.748391370064852,0.761981753886505,0.893728364120775,0.871070315572035,0.861844716628599,0.783467559853562,0.748391370064852,0.761981753886505,0.783467559853562,0.778484131791255,0.778484131791255
14Y11M,2031-01-06,0.892520770126779,0.781905172356309,0.892520770126779,0.869772545704215,0.860566535383777,0.781905172356309,0.746747030895427,0.760370694143933,0.892520770126779,0.869772545704215,0.860566535383777,0.781905172356309,0.746747030895427,0.760370694143933,0.781905172356309,0.777333667511271,0.777333667511271
15Y,2031-02-05,0.891390132700644,0.780443263889317,0.891390132700644,0.868557642510242,0.859369962146118,0.780443263889317,0.745208744307033,0.758863419354177,0.891390132700644,0.868557642510242,0.859369962146118,0.780443263889317,0.745208744307033,0.758863419354177,0.780443263889317,0.776256651410860,0.776256651410860
15Y1M,2031-03-05,0.890399947070448,0.779110339919373,0.890399947070448,0.867570997502974,0.858332038421938,0.779110339919373,0.743758663696774,0.757464885502183,0.890399947070448,0.867570997502974,0.858332038421938,0.779110339919373,0.743758663696774,0.757464885502183,0.779110339919373,0.775252782751898,0.775252782751898
15Y2M,2031-04-07,0.889254830609523,0.777544945211480,0.889254830609523,0.866446897169886,0.857130178114236,0.777544945211480,0.742048864070723,0.755821343450729,0.889254830609523,0.866446897169886,0.857130178114236,0.777544945211480,0.742048864070723,0.755821343450729,0.777544945211480,0.774071318360858,0.774071318360858
15Y3M,2031-05-05,0.888284371617186,0.776219198256881,0.888284371617186,0.865494257325347,0.856111737669118,0.776219198256881,0.740601207747881,0.754429619820984,0.888284371617186,0.865494257325347,0.856111737669118,0.776219198256881,0.740601207747881,0.754429619820984,0.776219198256881,0.773070275812763,0.773070275812763
15Y4M,2031-06-05,0.887211170193928,0.774754043541500,0.887211170193928,0.864440770630391,0.854985590081543,0.774754043541500,0.739001739483113,0.752891771945262,0.887211170193928,0.864440770630391,0.854985590081543,0.774754043541500,0.739001739483113,0.752891771945262,0.774754043541500,0.771963488687632,0.771963488687632
15Y5M,2031-07-07,0.886104709379473,0.773244526524919,0.886104709379473,0.863354645503245,0.853824668938312,0.773244526524919,0.737354298681095,0.751307604102582,0.886104709379473,0.863354645503245,0.853824668938312,0.773244526524919,0.737354298681095,0.751307604102582,0.773244526524919,0.770822660785150,0.770822660785150
15Y6M,2031-08-05,0.885103171221447,0.771879067329916,0.885103171221447,0.862371523404845,0.852773945794330,0.771879067329916,0.735864477959361,0.749874831357280,0.885103171221447,0.862371523404845,0.852773945794330,0.771879067329916,0.735864477959361,0.749874831357280,0.771879067329916,0.769790241834085,0.769790241834085
15Y7M,2031-09-05,0.884033813239435,0.770422104840786,0.884033813239435,0.861321837727181,0.851652188809176,0.770422104840786,0.734275239557705,0.748346268074288,0.884033813239435,0.861321837727181,0.851652188809176,0.770422104840786,0.734275239557705,0.748346268074288,0.770422104840786,0.768688150658975,0.768688150658975
15Y8M,2031-10-06,0.882965747227139,0.768967892445272,0.882965747227139,0.860273429735516,0.850531907407018,0.768967892445272,0.732689433416707,0.746820820652253,0.882965747227139,0.860273429735516,0.850531907407018,0.768967892445272,0.732689433416707,0.746820820652253,0.768967892445272,0.767587637322725,0.767587637322725
15Y9M,2031-11-05,0.881933363614190,0.767563203693049,0.881933363614190,0.859260056418879,0.849449167237908,0.767563203693049,0.731158043299792,0.745347541943725,0.881933363614190,0.859260056418879,0.849449167237908,0.767563203693049,0.731158043299792,0.745347541943725,0.767563203693049,0.766524124601708,0.766524124601708
15Y10M,2031-12-05,0.880902187087617,0.766161080913358,0.880902187087617,0.858247876822103,0.848367805413648,0.766161080913358,0.729629853932858,0.743877169621968,0.880902187087617,0.858247876822103,0.848367805413648,0.766161080913358,0.729629853932858,0.743877169621968,0.766161080913358,0.765462085405345,0.765462085405345
15Y11M,2032-01-05,0.879837904622292,0.764714911425457,0.879837904622292,0.857203210480815,0.847251844359261,0.764714911425457,0.728054080379988,0.742360832120038,0.879837904622292,0.857203210480815,0.847251844359261,0.764714911425457,0.728054080379988,0.742360832120038,0.764714911425457,0.764366190753320,0.764366190753320
16Y,2032-02-05,0.878774907994581,0.763271471658812,0.878774907994581,0.856159815715950,0.846137351263779,0.763271471658812,0.726481710007891,0.740847585557733,0.878774907994581,0.856159815715950,0.846137351263779,0.763271471658812,0.726481710007891,0.740847585557733,0.763271471658812,0.763271865068735,0.763271865068735
16Y1M,2032-03-05,0.877781654496031,0.761923623709673,0.877781654496031,0.855184886538263,0.845096088191507,0.761923623709673,0.725013857297917,0.739434760473555,0.877781654496031,0.855184886538263,0.845096088191507,0.761923623709673,0.725013857297917,0.739434760473555,0.761923623709673,0.762249559448518,0.762249559448518
16Y2M,2032-04-05,0.876721142174734,0.760485452645951,0.876721142174734,0.854143948493823,0.843984430823537,0.760485452645951,0.723448052862097,0.737927478487597,0.876721142174734,0.854143948493823,0.843984430823537,0.760485452645951,0.723448052862097,0.737927478487597,0.760485452645951,0.761158264096815,0.761158264096815
16Y3M,2032-05-05,0.875696059895891,0.759096258933110,0.875696059895891,0.853137795501005,0.842910025692585,0.759096258933110,0.721935978103371,0.736471743976146,0.875696059895891,0.853137795501005,0.842910025692585,0.759096258933110,0.721935978103371,0.736471743976146,0.759096258933110,0.760103659440338,0.760103659440338
16Y4M,2032-06-07,0.874569853659859,0.757571076676335,0.874569853659859,0.852032396077957,0.841729759714507,0.757571076676335,0.720276345852154,0.734873752697475,0.874569853659859,0.852032396077957,0.841729759714507,0.757571076676335,0.720276345852154,0.734873752697475,0.757571076676335,0.758945281905800,0.758945281905800
16Y5M,2032-07-05,0.873615420633806,0.756279386010758,0.873615420633806,0.851095604669281,0.840729618017200,0.756279386010758,0.718871165335407,0.733520600692215,0.873615420633806,0.851095604669281,0.840729618017200,0.756279386010758,0.718871165335407,0.733520600692215,0.756279386010758,0.757963800612226,0.757963800612226
16Y6M,2032-08-05,0.872559941844848,0.754851868743667,0.872559941844848,0.850059644132207,0.839623704396963,0.754851868743667,0.717318627203708,0.732025374274884,0.872559941844848,0.850059644132207,0.839623704396963,0.754851868743667,0.717318627203708,0.732025374274884,0.754851868743667,0.756878641083940,0.756878641083940
16Y7M,2032-09-06,0.871471752903648,0.753381128770942,0.871471752903648,0.848991588146842,0.838483642012169,0.753381128770942,0.715719524101015,0.730485111648616,0.871471752903648,0.848991588146842,0.838483642012169,0.753381128770942,0.715719524101015,0.730485111648616,0.753381128770942,0.755760105965123,0.755760105965123
16Y8M,2032-10-05,0.870486753947050,0.752050746008008,0.870486753947050,0.848024821597301,0.837451797652825,0.752050746008008,0.714273416334556,0.729092048204158,0.870486753947050,0.848024821597301,0.837451797652825,0.752050746008008,0.714273416334556,0.729092048204158,0.752050746008008,0.754747861391174,0.754747861391174
16Y9M,2032-11-05,0.869435055129516,0.750631210522163,0.869435055129516,0.846992598842519,0.836350195747209,0.750631210522163,0.712730807910694,0.727605849057042,0.869435055129516,0.846992598842519,0.836350195747209,0.750631210522163,0.712730807910694,0.727605849057042,0.750631210522163,0.753667306049902,0.753667306049902
16Y10M,2032-12-06,0.868384626946369,0.749214354484489,0.868384626946369,0.845961632517724,0.835250042912169,0.749214354484489,0.711191531041241,0.726122679414789,0.868384626946369,0.845961632517724,0.835250042912169,0.749214354484489,0.711191531041241,0.726122679414789,0.749214354484489,0.752588297715128,0.752588297715128
16Y11M,2033-01-05,0.867369291910540,0.747845749908033,0.867369291910540,0.844965118019356,0.834186756791054,0.747845749908033,0.709705073570725,0.724690232629994,0.867369291910540,0.844965118019356,0.834186756791054,0.747845749908033,0.709705073570725,0.724690232629994,0.747845749908033,0.751545566970922,0.751545566970922
17Y,2033-02-07,0.866253794479149,0.746343172263706,0.866253794479149,0.843870307827052,0.833018705375845,0.746343172263706,0.708073558499201,0.723117804792874,0.866253794479149,0.843870307827052,0.833018705375845,0.746343172263706,0.708073558499201,0.723117804792874,0.746343172263706,0.750400231739144,0.750400231739144
17Y1M,2033-03-07,0.865308436910586,0.745070625649124,0.865308436910586,0.842942490459957,0.832028914136711,0.745070625649124,0.706692184288377,0.721786299477841,0.865308436910586,0.842942490459957,0.832028914136711,0.745070625649124,0.706692184288377,0.721786299477841,0.745070625649124,0.749429801053685,0.749429801053685
17Y2M,2033-04-05,0.864330404169247,0.743754918260556,0.864330404169247,0.841982612159229,0.831005013014678,0.743754918260556,0.705264316217460,0.720409825005632,0.864330404169247,0.841982612159229,0.831005013014678,0.743754918260556,0.705264316217460,0.720409825005632,0.743754918260556,0.748426035118324,0.748426035118324
17Y3M,2033-05-05,0.863319809422802,0.742396286543477,0.863319809422802,0.840990784813711,0.829947130881760,0.742396286543477,0.703790247185740,0.718988648162078,0.863319809422802,0.840990784813711,0.829947130881760,0.742396286543477,0.703790247185740,0.718988648162078,0.742396286543477,0.747389071297665,0.747389071297665
17Y4M,2033-06-06,0.862243144056585,0.740949814805865,0.862243144056585,0.839934123381119,0.828820207594184,0.740949814805865,0.702221302611824,0.717475816254342,0.862243144056585,0.839934123381119,0.828820207594184,0.740949814805865,0.702221302611824,0.717475816254342,0.740949814805865,0.746284560114116,0.746284560114116
17Y5M,2033-07-05,0.861268575925835,0.739641384286208,0.861268575925835,0.838977670778244,0.827800255130873,0.739641384286208,0.700802467935271,0.716107562040850,0.861268575925835,0.838977670778244,0.827800255130873,0.739641384286208,0.700802467935271,0.716107562040850,0.739641384286208,0.745285006829105,0.745285006829105
17Y6M,2033-08-05,0.860228014264473,0.738245272125736,0.860228014264473,0.837956460289499,0.826711349069560,0.738245272125736,0.699288952570178,0.714647830789398,0.860228014264473,0.837956460289499,0.826711349069560,0.738245272125736,0.699288952570178,0.714647830789398,0.738245272125736,0.744217999241413,0.744217999241413
17Y7M,2033-09-05,0.859188709781884,0.736851795200672,0.859188709781884,0.836936492826520,0.825623875378439,0.736851795200672,0.697778705927535,0.713191075090000,0.859188709781884,0.836936492826520,0.825623875378439,0.736851795200672,0.697778705927535,0.713191075090000,0.736851795200672,0.743152519264207,0.743152519264207
17Y8M,2033-10-05,0.858184126821338,0.735505773554069,0.858184126821338,0.835950609640740,0.824572843516302,0.735505773554069,0.696320282528321,0.711784138918718,0.858184126821338,0.835950609640740,0.824572843516302,0.735505773554069,0.696320282528321,0.711784138918718,0.735505773554069,0.742122862037509,0.742122862037509
17Y9M,2033-11-07,0.857080442153161,0.734027989488637,0.857080442153161,0.834867479428403,0.823418253768897,0.734027989488637,0.694719537264044,0.710239714634159,0.857080442153161,0.834867479428403,0.823418253768897,0.734027989488637,0.694719537264044,0.710239714634159,0.734027989488637,0.740991886754632,0.740991886754632
17Y10M,2033-12-05,0.856145095620746,0.732776440780555,0.856145095620746,0.833949560478711,0.822439869768078,0.732776440780555,0.693364215290764,0.708931922254114,0.856145095620746,0.833949560478711,0.822439869768078,0.732776440780555,0.693364215290764,0.708931922254114,0.732776440780555,0.740033623105225,0.740033623105225
17Y11M,2034-01-05,0.855110724011277,0.731393286563369,0.855110724011277,0.832934470246983,0.821358014871676,0.731393286563369,0.691866764237915,0.707486818003132,0.855110724011277,0.832934470246983,0.821358014871676,0.731393286563369,0.691866764237915,0.707486818003132,0.731393286563369,0.738974133804131,0.738974133804131
18Y,2034-02-06,0.854044296378348,0.729968252875473,0.854044296378348,0.831887931157044,0.820242754103905,0.729968252875473,0.690324400429999,0.705998187222503,0.854044296378348,0.831887931157044,0.820242754103905,0.729968252875473,0.690324400429999,0.705998187222503,0.729968252875473,0.737882058436046,0.737882058436046
18Y1M,2034-03-06,0.853112263243699,0.728723626189693,0.853112263243699,0.830973288156994,0.819268143225739,0.728723626189693,0.688977652888856,0.704698204934057,0.853112263243699,0.830973288156994,0.819268143225739,0.728723626189693,0.688977652888856,0.704698204934057,0.728723626189693,0.736927816470933,0.736927816470933
18Y2M,2034-04-05,0.852114785002505,0.727392452429066,0.852114785002505,0.829994429426793,0.818225202308159,0.727392452429066,0.687537624521736,0.703308022935167,0.852114785002505,0.829994429426793,0.818225202308159,0.727392452429066,0.687537624521736,0.703308022935167,0.727392452429066,0.735906783732546,0.735906783732546
18Y3M,2034-05-05,0.851118473035533,0.726063710349692,0.851118473035533,0.829016723759425,0.817183589070370,0.726063710349692,0.686100605949910,0.701920583395356,0.851118473035533,0.829016723759425,0.817183589070370,0.726063710349692,0.686100605949910,0.701920583395356,0.726063710349692,0.734887165661686,0.734887165661686
18Y4M,2034-06-05,0.850090174457049,0.724693226765577,0.850090174457049,0.828007637816932,0.816108648397389,0.724693226765577,0.684618842034089,0.700489771229794,0.850090174457049,0.828007637816932,0.816108648397389,0.724693226765577,0.684618842034089,0.700489771229794,0.724693226765577,0.733835044426624,0.733835044426624
18Y5M,2034-07-05,0.849096229710727,0.723369415414738,0.849096229710727,0.827032272523605,0.815069729565206,0.723369415414738,0.683187923993336,0.699107891350504,0.849096229710727,0.827032272523605,0.815069729565206,0.723369415414738,0.683187923993336,0.699107891350504,0.723369415414738,0.732818296804687,0.732818296804687
18Y6M,2034-08-07,0.848004232712356,0.721916015816859,0.848004232712356,0.825960697683397,0.813928446341321,0.721916015816859,0.681617368228432,0.697590971899940,0.848004232712356,0.825960697683397,0.813928446341321,0.721916015816859,0.681617368228432,0.697590971899940,0.721916015816859,0.731701501428985,0.731701501428985
18Y7M,2034-09-05,0.847045758405381,0.720641196755097,0.847045758405381,0.825020156946711,0.812926819792888,0.720641196755097,0.680240163699624,0.696260638855992,0.847045758405381,0.825020156946711,0.812926819792888,0.720641196755097,0.680240163699624,0.696260638855992,0.720641196755097,0.730721480296981,0.730721480296981
18Y8M,2034-10-05,0.846055373259477,0.719324787327063,0.846055373259477,0.824048310805892,0.811891951477342,0.719324787327063,0.678818397510147,0.694887101929268,0.846055373259477,0.824048310805892,0.811891951477342,0.719324787327063,0.678818397510147,0.694887101929268,0.719324787327063,0.729709046599472,0.729709046599472
18Y9M,2034-11-06,0.845000238756193,0.717923267688708,0.845000238756193,0.823012936715778,0.810789543970802,0.717923267688708,0.677305122147628,0.693424982349550,0.845000238756193,0.823012936715778,0.810789543970802,0.717923267688708,0.677305122147628,0.693424982349550,0.717923267688708,0.728630663420405,0.728630663420405
18Y10M,2034-12-05,0.844045159775462,0.716655499352115,0.844045159775462,0.822075752663351,0.809791780179544,0.716655499352115,0.675936630490745,0.692102594009280,0.844045159775462,0.822075752663351,0.809791780179544,0.716655499352115,0.675936630490745,0.692102594009280,0.716655499352115,0.727654755285484,0.727654755285484
18Y11M,2035-01-05,0.843025406984904,0.715302774262942,0.843025406984904,0.821075115327695,0.808726562849188,0.715302774262942,0.674476817600685,0.690691795074541,0.843025406984904,0.821075115327695,0.808726562849188,0.715302774262942,0.674476817600685,0.690691795074541,0.715302774262942,0.726612988527806,0.726612988527806
19Y,2035-02-05,0.842006886232397,0.713952602513789,0.842006886232397,0.820075695975995,0.807662746728363,0.713952602513789,0.673020157452433,0.689283871947018,0.842006886232397,0.820075695975995,0.807662746728363,0.713952602513789,0.673020157452433,0.689283871947018,0.713952602513789,0.725572713243894,0.725572713243894
19Y1M,2035-03-05,0.841087989729138,0.712735283187955,0.841087989729138,0.819174040276059,0.806703083391000,0.712735283187955,0.671707168600201,0.688014666386070,0.841087989729138,0.819174040276059,0.806703083391000,0.712735283187955,0.671707168600201,0.688014666386070,0.712735283187955,0.724634389938966,0.724634389938966
19Y2M,2035-04-05,0.840071809712349,0.711389957713750,0.840071809712349,0.818176934928474,0.805641928998090,0.711389957713750,0.670256490032366,0.686612200383451,0.840071809712349,0.818176934928474,0.805641928998090,0.711389957713750,0.670256490032366,0.686612200383451,0.711389957713750,0.723596947369637,0.723596947369637
19Y3M,2035-05-07,0.839024137444459,0.710003898156468,0.839024137444459,0.817148937918534,0.804548007930767,0.710003898156468,0.668762301547412,0.685167492114919,0.839024137444459,0.817148937918534,0.804548007930767,0.710003898156468,0.668762301547412,0.685167492114919,0.710003898156468,0.722527596811214,0.722527596811214
19Y4M,2035-06-05,0.838075813075723,0.708750114498170,0.838075813075723,0.816218431338491,0.803557925021323,0.708750114498170,0.667411070617394,0.683860851128846,0.838075813075723,0.816218431338491,0.803557925021323,0.708750114498170,0.667411070617394,0.683860851128846,0.708750114498170,0.721559862958066,0.721559862958066
19Y5M,2035-07-05,0.837095915793699,0.707455426743644,0.837095915793699,0.815256953335945,0.802534983452582,0.707455426743644,0.666016118444142,0.682511775683033,0.837095915793699,0.815256953335945,0.802534983452582,0.707455426743644,0.666016118444142,0.682511775683033,0.707455426743644,0.720560122920684,0.720560122920684
19Y6M,2035-08-06,0.836051954829407,0.706077033156615,0.836051954829407,0.814232625131881,0.801445281074810,0.706077033156615,0.664531382929048,0.681075695163128,0.836051954829407,0.814232625131881,0.801445281074810,0.706077033156615,0.664531382929048,0.681075695163128,0.706077033156615,0.719495260261127,0.719495260261127
19Y7M,2035-09-05,0.835074423888427,0.704787228372278,0.835074423888427,0.813273486342604,0.800425028934230,0.704787228372278,0.663142449575045,0.679732114088750,0.835074423888427,0.813273486342604,0.800425028934230,0.704787228372278,0.663142449575045,0.679732114088750,0.704787228372278,0.718498380784709,0.718498380784709
19Y8M,2035-10-05,0.834098035898833,0.703499779699672,0.834098035898833,0.812315477386729,0.799406075590281,0.703499779699672,0.661756419222935,0.678391183542230,0.834098035898833,0.812315477386729,0.799406075590281,0.703499779699672,0.661756419222935,0.678391183542230,0.703499779699672,0.717502882510844,0.717502882510844
19Y9M,2035-11-05,0.833090300957336,0.702171886725868,0.833090300957336,0.811326720338037,0.798354519836625,0.702171886725868,0.660327231178843,0.677008334283519,0.833090300957336,0.811326720338037,0.798354519836625,0.702171886725868,0.660327231178843,0.677008334283519,0.702171886725868,0.716475649958445,0.716475649958445
19Y10M,2035-12-05,0.832116232849353,0.700889215549215,0.832116232849353,0.810371004607379,0.797338202282528,0.700889215549215,0.658947084899072,0.675672777029606,0.832116232849353,0.810371004607379,0.797338202282528,0.700889215549215,0.658947084899072,0.675672777029606,0.700889215549215,0.715482954230974,0.715482954230974
19Y11M,2036-01-07,0.831046073311750,0.699480983348172,0.831046073311750,0.809321017552918,0.796221747234550,0.699480983348172,0.657432255513761,0.674206706927446,0.831046073311750,0.809321017552918,0.796221747234550,0.699480983348172,0.657432255513761,0.674206706927446,0.699480983348172,0.714392577451133,0.714392577451133
20Y,2036-02-05,0.830106766314857,0.698245781923941,0.830106766314857,0.808399424808615,0.795241910684967,0.698245781923941,0.656103916885842,0.672920968583909,0.830106766314857,0.808399424808615,0.795241910684967,0.698245781923941,0.656103916885842,0.672920968583909,0.698245781923941,0.713435739422125,0.713435739422125
