#datumDate,datumId,datumValue
2016-02-05,BASIS_SWAP/BASIS_SPREAD/3M/6M/USD/10Y,-0.0012390000
2016-02-05,BASIS_SWAP/BASIS_SPREAD/3M/6M/USD/12Y,-0.0012560000
2016-02-05,BASIS_SWAP/BASIS_SPREAD/3M/6M/USD/15Y,-0.0011990000
2016-02-05,BASIS_SWAP/BASIS_SPREAD/3M/6M/USD/20Y,-0.0012450000
2016-02-05,BASIS_SWAP/BASIS_SPREAD/3M/6M/USD/25Y,-0.0012190000
2016-02-05,BASIS_SWAP/BASIS_SPREAD/3M/6M/USD/2Y,-0.0015190000
2016-02-05,BASIS_SWAP/BASIS_SPREAD/3M/6M/USD/30Y,-0.0011930000
2016-02-05,BASIS_SWAP/BASIS_SPREAD/3M/6M/USD/3Y,-0.0013520000
2016-02-05,BASIS_SWAP/BASIS_SPREAD/3M/6M/USD/4Y,-0.0012940000
2016-02-05,BASIS_SWAP/BASIS_SPREAD/3M/6M/USD/5Y,-0.0012250000
2016-02-05,BASIS_SWAP/BASIS_SPREAD/3M/6M/USD/6Y,-0.0012390000
2016-02-05,BASIS_SWAP/BASIS_SPREAD/3M/6M/USD/7Y,-0.0010970000
2016-02-05,BASIS_SWAP/BASIS_SPREAD/3M/6M/USD/8Y,-0.0011200000
2016-02-05,BASIS_SWAP/BASIS_SPREAD/3M/6M/USD/9Y,-0.0012410000
2016-02-05,CDS/CREDIT_SPREAD/BANK/SR/USD/1Y,0.0100000000
2016-02-05,CDS/CREDIT_SPREAD/BANK/SR/USD/5Y,0.0100000000
2016-02-05,CDS/CREDIT_SPREAD/BANK/SR/USD/6M,0.0100000000
2016-02-05,COMMODITY/PRICE/WTI/USD,30.8900000000
2016-02-05,COMMODITY_FWD/PRICE/WTI/USD/2016-03-31,30.8900000000
2016-02-05,COMMODITY_FWD/PRICE/WTI/USD/2016-04-30,32.7200000000
2016-02-05,COMMODITY_FWD/PRICE/WTI/USD/2016-05-31,34.4700000000
2016-02-05,COMMODITY_FWD/PRICE/WTI/USD/2016-06-30,35.9400000000
2016-02-05,COMMODITY_FWD/PRICE/WTI/USD/2016-07-31,37.1000000000
2016-02-05,COMMODITY_FWD/PRICE/WTI/USD/2016-08-31,37.9900000000
2016-02-05,COMMODITY_FWD/PRICE/WTI/USD/2016-09-30,38.6900000000
2016-02-05,COMMODITY_FWD/PRICE/WTI/USD/2016-10-31,39.2900000000
2016-02-05,COMMODITY_FWD/PRICE/WTI/USD/2016-11-30,39.8300000000
2016-02-05,COMMODITY_FWD/PRICE/WTI/USD/2016-12-31,40.3400000000
2016-02-05,COMMODITY_FWD/PRICE/WTI/USD/2017-01-31,40.7900000000
2016-02-05,COMMODITY_FWD/PRICE/WTI/USD/2017-02-28,41.2300000000
2016-02-05,COMMODITY_FWD/PRICE/WTI/USD/2017-03-31,41.6500000000
2016-02-05,COMMODITY_FWD/PRICE/WTI/USD/2017-04-30,42.0300000000
2016-02-05,COMMODITY_FWD/PRICE/WTI/USD/2017-05-31,42.3700000000
2016-02-05,COMMODITY_FWD/PRICE/WTI/USD/2017-06-30,42.6700000000
2016-02-05,COMMODITY_FWD/PRICE/WTI/USD/2017-07-31,42.9200000000
2016-02-05,COMMODITY_FWD/PRICE/WTI/USD/2017-08-31,43.1600000000
2016-02-05,COMMODITY_FWD/PRICE/WTI/USD/2017-09-30,43.4100000000
2016-02-05,COMMODITY_FWD/PRICE/WTI/USD/2017-10-31,43.6500000000
2016-02-05,COMMODITY_FWD/PRICE/WTI/USD/2017-11-30,43.9000000000
2016-02-05,COMMODITY_FWD/PRICE/WTI/USD/2017-12-31,44.1400000000
2016-02-05,COMMODITY_FWD/PRICE/WTI/USD/2018-01-31,44.2800000000
2016-02-05,COMMODITY_FWD/PRICE/WTI/USD/2018-02-28,44.4400000000
2016-02-05,COMMODITY_FWD/PRICE/WTI/USD/2018-03-31,44.6100000000
2016-02-05,COMMODITY_FWD/PRICE/WTI/USD/2018-04-30,44.8100000000
2016-02-05,COMMODITY_FWD/PRICE/WTI/USD/2018-05-31,45.0300000000
2016-02-05,COMMODITY_FWD/PRICE/WTI/USD/2018-06-30,45.2600000000
2016-02-05,COMMODITY_FWD/PRICE/WTI/USD/2018-07-31,45.4100000000
2016-02-05,COMMODITY_FWD/PRICE/WTI/USD/2018-08-31,45.5800000000
2016-02-05,COMMODITY_FWD/PRICE/WTI/USD/2018-09-30,45.7600000000
2016-02-05,COMMODITY_FWD/PRICE/WTI/USD/2018-10-31,45.9500000000
2016-02-05,COMMODITY_FWD/PRICE/WTI/USD/2018-11-30,46.1500000000
2016-02-05,COMMODITY_FWD/PRICE/WTI/USD/2018-12-31,46.3700000000
2016-02-05,COMMODITY_FWD/PRICE/WTI/USD/2019-01-31,46.4600000000
2016-02-05,COMMODITY_FWD/PRICE/WTI/USD/2019-02-28,46.5600000000
2016-02-05,COMMODITY_FWD/PRICE/WTI/USD/2019-03-31,46.6800000000
2016-02-05,COMMODITY_FWD/PRICE/WTI/USD/2019-04-30,46.8100000000
2016-02-05,COMMODITY_FWD/PRICE/WTI/USD/2019-05-31,46.9600000000
2016-02-05,COMMODITY_FWD/PRICE/WTI/USD/2019-06-30,47.1300000000
2016-02-05,COMMODITY_FWD/PRICE/WTI/USD/2019-07-31,47.1800000000
2016-02-05,COMMODITY_FWD/PRICE/WTI/USD/2019-08-31,47.2700000000
2016-02-05,COMMODITY_FWD/PRICE/WTI/USD/2019-09-30,47.4000000000
2016-02-05,COMMODITY_FWD/PRICE/WTI/USD/2019-10-31,47.5600000000
2016-02-05,COMMODITY_FWD/PRICE/WTI/USD/2019-11-30,47.7500000000
2016-02-05,COMMODITY_FWD/PRICE/WTI/USD/2019-12-31,47.9500000000
2016-02-05,COMMODITY_FWD/PRICE/WTI/USD/2020-01-31,48.0200000000
2016-02-05,COMMODITY_FWD/PRICE/WTI/USD/2020-02-29,48.1000000000
2016-02-05,COMMODITY_FWD/PRICE/WTI/USD/2020-03-31,48.2000000000
2016-02-05,COMMODITY_FWD/PRICE/WTI/USD/2020-04-30,48.3000000000
2016-02-05,COMMODITY_FWD/PRICE/WTI/USD/2020-05-31,48.4100000000
2016-02-05,COMMODITY_FWD/PRICE/WTI/USD/2020-06-30,48.5400000000
2016-02-05,COMMODITY_FWD/PRICE/WTI/USD/2020-07-31,48.5700000000
2016-02-05,COMMODITY_FWD/PRICE/WTI/USD/2020-08-31,48.6300000000
2016-02-05,COMMODITY_FWD/PRICE/WTI/USD/2020-09-30,48.7100000000
2016-02-05,COMMODITY_FWD/PRICE/WTI/USD/2020-10-31,48.8200000000
2016-02-05,COMMODITY_FWD/PRICE/WTI/USD/2020-11-30,48.9500000000
2016-02-05,COMMODITY_FWD/PRICE/WTI/USD/2020-12-31,49.1000000000
2016-02-05,COMMODITY_FWD/PRICE/WTI/USD/2021-01-31,49.1300000000
2016-02-05,COMMODITY_FWD/PRICE/WTI/USD/2021-02-28,49.1800000000
2016-02-05,COMMODITY_FWD/PRICE/WTI/USD/2021-03-31,49.2500000000
2016-02-05,COMMODITY_FWD/PRICE/WTI/USD/2021-04-30,49.3400000000
2016-02-05,COMMODITY_FWD/PRICE/WTI/USD/2021-05-31,49.4400000000
2016-02-05,COMMODITY_FWD/PRICE/WTI/USD/2021-06-30,49.5700000000
2016-02-05,COMMODITY_FWD/PRICE/WTI/USD/2021-07-31,49.5700000000
2016-02-05,COMMODITY_FWD/PRICE/WTI/USD/2021-08-31,49.6000000000
2016-02-05,COMMODITY_FWD/PRICE/WTI/USD/2021-09-30,49.6600000000
2016-02-05,COMMODITY_FWD/PRICE/WTI/USD/2021-10-31,49.7500000000
2016-02-05,COMMODITY_FWD/PRICE/WTI/USD/2021-11-30,49.8700000000
2016-02-05,COMMODITY_FWD/PRICE/WTI/USD/2021-12-31,50.0100000000
2016-02-05,COMMODITY_FWD/PRICE/WTI/USD/2022-06-30,50.4200000000
2016-02-05,COMMODITY_FWD/PRICE/WTI/USD/2022-12-31,50.8100000000
2016-02-05,COMMODITY_FWD/PRICE/WTI/USD/2023-06-30,51.1300000000
2016-02-05,COMMODITY_FWD/PRICE/WTI/USD/2023-12-31,51.4500000000
2016-02-05,COMMODITY_FWD/PRICE/WTI/USD/2024-06-30,51.6200000000
2016-02-05,COMMODITY_FWD/PRICE/WTI/USD/2024-12-31,51.7800000000
2016-02-05,COMMODITY_OPTION/RATE_LNVOL/WTI_USD_VOLS/USD/10Y/30.0,0.0800000000
2016-02-05,COMMODITY_OPTION/RATE_LNVOL/WTI_USD_VOLS/USD/10Y/35.0,0.0850000000
2016-02-05,COMMODITY_OPTION/RATE_LNVOL/WTI_USD_VOLS/USD/10Y/40.0,0.0900000000
2016-02-05,COMMODITY_OPTION/RATE_LNVOL/WTI_USD_VOLS/USD/10Y/45.0,0.0950000000
2016-02-05,COMMODITY_OPTION/RATE_LNVOL/WTI_USD_VOLS/USD/10Y/50.0,0.1000000000
2016-02-05,COMMODITY_OPTION/RATE_LNVOL/WTI_USD_VOLS/USD/10Y/55.0,0.1050000000
2016-02-05,COMMODITY_OPTION/RATE_LNVOL/WTI_USD_VOLS/USD/10Y/60.0,0.1100000000
2016-02-05,COMMODITY_OPTION/RATE_LNVOL/WTI_USD_VOLS/USD/1Y/30.0,0.1000000000
2016-02-05,COMMODITY_OPTION/RATE_LNVOL/WTI_USD_VOLS/USD/1Y/35.0,0.1050000000
2016-02-05,COMMODITY_OPTION/RATE_LNVOL/WTI_USD_VOLS/USD/1Y/40.0,0.1100000000
2016-02-05,COMMODITY_OPTION/RATE_LNVOL/WTI_USD_VOLS/USD/1Y/45.0,0.1150000000
2016-02-05,COMMODITY_OPTION/RATE_LNVOL/WTI_USD_VOLS/USD/1Y/50.0,0.1200000000
2016-02-05,COMMODITY_OPTION/RATE_LNVOL/WTI_USD_VOLS/USD/1Y/55.0,0.1250000000
2016-02-05,COMMODITY_OPTION/RATE_LNVOL/WTI_USD_VOLS/USD/1Y/60.0,0.1300000000
2016-02-05,COMMODITY_OPTION/RATE_LNVOL/WTI_USD_VOLS/USD/5Y/30.0,0.0900000000
2016-02-05,COMMODITY_OPTION/RATE_LNVOL/WTI_USD_VOLS/USD/5Y/35.0,0.0950000000
2016-02-05,COMMODITY_OPTION/RATE_LNVOL/WTI_USD_VOLS/USD/5Y/40.0,0.1000000000
2016-02-05,COMMODITY_OPTION/RATE_LNVOL/WTI_USD_VOLS/USD/5Y/45.0,0.1050000000
2016-02-05,COMMODITY_OPTION/RATE_LNVOL/WTI_USD_VOLS/USD/5Y/50.0,0.1100000000
2016-02-05,COMMODITY_OPTION/RATE_LNVOL/WTI_USD_VOLS/USD/5Y/55.0,0.1150000000
2016-02-05,COMMODITY_OPTION/RATE_LNVOL/WTI_USD_VOLS/USD/5Y/60.0,0.1200000000
2016-02-05,EQUITY/PRICE/SP5/USD,2147.5600000000
2016-02-05,EQUITY_DIVIDEND/RATE/SP5/USD/1Y,0.0170000000
2016-02-05,EQUITY_DIVIDEND/RATE/SP5/USD/20160915,0.0150000000
2016-02-05,EQUITY_DIVIDEND/RATE/SP5/USD/20170915,0.0200000000
2016-02-05,EQUITY_DIVIDEND/RATE/SP5/USD/3M,0.0100000000
2016-02-05,EQUITY_OPTION/RATE_LNVOL/SP5/USD/10Y/ATMF,0.1981000000
2016-02-05,EQUITY_OPTION/RATE_LNVOL/SP5/USD/5Y/ATMF,0.1707000000
2016-02-05,EQUITY_OPTION/RATE_LNVOL/SP5/USD/6M/ATMF,0.2500000000
2016-02-05,FRA/RATE/EUR/1M/3M,-0.0012430000
2016-02-05,FRA/RATE/EUR/1Y/3M,-0.0021020000
2016-02-05,FRA/RATE/EUR/2M/3M,-0.0015810000
2016-02-05,FRA/RATE/EUR/3M/3M,-0.0017470000
2016-02-05,FRA/RATE/EUR/4M/3M,-0.0019310000
2016-02-05,FRA/RATE/EUR/5M/3M,-0.0020170000
2016-02-05,FRA/RATE/EUR/6M/3M,-0.0019320000
2016-02-05,FRA/RATE/EUR/9M/3M,-0.0022370000
2016-02-05,FX/RATE/EUR/USD,1.1323370000
2016-02-05,FX_OPTION/RATE_LNVOL/EUR/USD/10Y/ATM,0.1362800000
2016-02-05,FX_OPTION/RATE_LNVOL/EUR/USD/1M/ATM,0.1216990000
2016-02-05,FX_OPTION/RATE_LNVOL/EUR/USD/1Y/ATM,0.1208250000
2016-02-05,FX_OPTION/RATE_LNVOL/EUR/USD/2Y/ATM,0.1204650000
2016-02-05,FX_OPTION/RATE_LNVOL/EUR/USD/3M/ATM,0.1155890000
2016-02-05,FX_OPTION/RATE_LNVOL/EUR/USD/3Y/ATM,0.1229930000
2016-02-05,FX_OPTION/RATE_LNVOL/EUR/USD/6M/ATM,0.1219820000
2016-02-05,IR_SWAP/RATE/EUR/2D/1D/10M,-0.0031130000
2016-02-05,IR_SWAP/RATE/EUR/2D/1D/10Y,0.0038850000
2016-02-05,IR_SWAP/RATE/EUR/2D/1D/11M,-0.0031420000
2016-02-05,IR_SWAP/RATE/EUR/2D/1D/12Y,0.0055340000
2016-02-05,IR_SWAP/RATE/EUR/2D/1D/15Y,0.0073640000
2016-02-05,IR_SWAP/RATE/EUR/2D/1D/1M,-0.0018100000
2016-02-05,IR_SWAP/RATE/EUR/2D/1D/1W,-0.0011700000
2016-02-05,IR_SWAP/RATE/EUR/2D/1D/1Y,-0.0031340000
2016-02-05,IR_SWAP/RATE/EUR/2D/1D/1Y3M,-0.0033150000
2016-02-05,IR_SWAP/RATE/EUR/2D/1D/1Y6M,-0.0033270000
2016-02-05,IR_SWAP/RATE/EUR/2D/1D/1Y9M,-0.0033560000
2016-02-05,IR_SWAP/RATE/EUR/2D/1D/20Y,0.0088990000
2016-02-05,IR_SWAP/RATE/EUR/2D/1D/25Y,0.0094180000
2016-02-05,IR_SWAP/RATE/EUR/2D/1D/2M,-0.0020860000
2016-02-05,IR_SWAP/RATE/EUR/2D/1D/2W,-0.0012480000
2016-02-05,IR_SWAP/RATE/EUR/2D/1D/2Y,-0.0034650000
2016-02-05,IR_SWAP/RATE/EUR/2D/1D/30Y,0.0096920000
2016-02-05,IR_SWAP/RATE/EUR/2D/1D/3M,-0.0023430000
2016-02-05,IR_SWAP/RATE/EUR/2D/1D/3Y,-0.0030950000
2016-02-05,IR_SWAP/RATE/EUR/2D/1D/4M,-0.0024560000
2016-02-05,IR_SWAP/RATE/EUR/2D/1D/4Y,-0.0024820000
2016-02-05,IR_SWAP/RATE/EUR/2D/1D/5M,-0.0026930000
2016-02-05,IR_SWAP/RATE/EUR/2D/1D/5Y,-0.0017450000
2016-02-05,IR_SWAP/RATE/EUR/2D/1D/6M,-0.0025790000
2016-02-05,IR_SWAP/RATE/EUR/2D/1D/6Y,-0.0006630000
2016-02-05,IR_SWAP/RATE/EUR/2D/1D/7M,-0.0027990000
2016-02-05,IR_SWAP/RATE/EUR/2D/1D/7Y,0.0005060000
2016-02-05,IR_SWAP/RATE/EUR/2D/1D/8M,-0.0028350000
2016-02-05,IR_SWAP/RATE/EUR/2D/1D/8Y,0.0016680000
2016-02-05,IR_SWAP/RATE/EUR/2D/1D/9M,-0.0030600000
2016-02-05,IR_SWAP/RATE/EUR/2D/1D/9Y,0.0027920000
2016-02-05,IR_SWAP/RATE/EUR/2D/3M/10Y,0.0056940000
2016-02-05,IR_SWAP/RATE/EUR/2D/3M/12Y,0.0073920000
2016-02-05,IR_SWAP/RATE/EUR/2D/3M/15Y,0.0092150000
2016-02-05,IR_SWAP/RATE/EUR/2D/3M/20Y,0.0104030000
2016-02-05,IR_SWAP/RATE/EUR/2D/3M/25Y,0.0109610000
2016-02-05,IR_SWAP/RATE/EUR/2D/3M/2Y,-0.0018080000
2016-02-05,IR_SWAP/RATE/EUR/2D/3M/3Y,-0.0014690000
2016-02-05,IR_SWAP/RATE/EUR/2D/3M/40Y,0.0108280000
2016-02-05,IR_SWAP/RATE/EUR/2D/3M/4Y,-0.0007820000
2016-02-05,IR_SWAP/RATE/EUR/2D/3M/50Y,0.0102810000
2016-02-05,IR_SWAP/RATE/EUR/2D/3M/5Y,0.0001030000
2016-02-05,IR_SWAP/RATE/EUR/2D/3M/6Y,0.0011330000
2016-02-05,IR_SWAP/RATE/EUR/2D/3M/7Y,0.0022330000
2016-02-05,IR_SWAP/RATE/EUR/2D/3M/8Y,0.0035950000
2016-02-05,IR_SWAP/RATE/EUR/2D/3M/9Y,0.0045560000
2016-02-05,IR_SWAP/RATE/EUR/2D/6M/10Y,0.0069480000
2016-02-05,IR_SWAP/RATE/EUR/2D/6M/12Y,0.0083240000
2016-02-05,IR_SWAP/RATE/EUR/2D/6M/15Y,0.0099590000
2016-02-05,IR_SWAP/RATE/EUR/2D/6M/20Y,0.0112440000
2016-02-05,IR_SWAP/RATE/EUR/2D/6M/25Y,0.0116010000
2016-02-05,IR_SWAP/RATE/EUR/2D/6M/2Y,-0.0004660000
2016-02-05,IR_SWAP/RATE/EUR/2D/6M/30Y,0.0115480000
2016-02-05,IR_SWAP/RATE/EUR/2D/6M/3Y,-0.0001560000
2016-02-05,IR_SWAP/RATE/EUR/2D/6M/40Y,0.0114140000
2016-02-05,IR_SWAP/RATE/EUR/2D/6M/4Y,0.0006300000
2016-02-05,IR_SWAP/RATE/EUR/2D/6M/50Y,0.0108410000
2016-02-05,IR_SWAP/RATE/EUR/2D/6M/5Y,0.0015220000
2016-02-05,IR_SWAP/RATE/EUR/2D/6M/7Y,0.0036890000
2016-02-05,IR_SWAP/RATE/USD/2D/1D/10Y,0.0133180000
2016-02-05,IR_SWAP/RATE/USD/2D/1D/12Y,0.0145900000
2016-02-05,IR_SWAP/RATE/USD/2D/1D/15Y,0.0160290000
2016-02-05,IR_SWAP/RATE/USD/2D/1D/1M,0.0044580000
2016-02-05,IR_SWAP/RATE/USD/2D/1D/1Y,0.0056140000
2016-02-05,IR_SWAP/RATE/USD/2D/1D/1Y3M,0.0058570000
2016-02-05,IR_SWAP/RATE/USD/2D/1D/1Y6M,0.0060540000
2016-02-05,IR_SWAP/RATE/USD/2D/1D/1Y9M,0.0060970000
2016-02-05,IR_SWAP/RATE/USD/2D/1D/20Y,0.0173400000
2016-02-05,IR_SWAP/RATE/USD/2D/1D/25Y,0.0180400000
2016-02-05,IR_SWAP/RATE/USD/2D/1D/2Y,0.0064330000
2016-02-05,IR_SWAP/RATE/USD/2D/1D/30Y,0.0183260000
2016-02-05,IR_SWAP/RATE/USD/2D/1D/3M,0.0048510000
2016-02-05,IR_SWAP/RATE/USD/2D/1D/3Y,0.0071010000
2016-02-05,IR_SWAP/RATE/USD/2D/1D/4Y,0.0082640000
2016-02-05,IR_SWAP/RATE/USD/2D/1D/5Y,0.0092690000
2016-02-05,IR_SWAP/RATE/USD/2D/1D/6M,0.0052370000
2016-02-05,IR_SWAP/RATE/USD/2D/1D/7Y,0.0110350000
2016-02-05,IR_SWAP/RATE/USD/2D/1D/9M,0.0054710000
2016-02-05,IR_SWAP/RATE/USD/2D/3M/10Y,0.0168050000
2016-02-05,IR_SWAP/RATE/USD/2D/3M/12Y,0.0180380000
2016-02-05,IR_SWAP/RATE/USD/2D/3M/15Y,0.0193230000
2016-02-05,IR_SWAP/RATE/USD/2D/3M/20Y,0.0206660000
2016-02-05,IR_SWAP/RATE/USD/2D/3M/25Y,0.0212960000
2016-02-05,IR_SWAP/RATE/USD/2D/3M/2Y,0.0092680000
2016-02-05,IR_SWAP/RATE/USD/2D/3M/30Y,0.0217450000
2016-02-05,IR_SWAP/RATE/USD/2D/3M/3Y,0.0102440000
2016-02-05,IR_SWAP/RATE/USD/2D/3M/4Y,0.0113070000
2016-02-05,IR_SWAP/RATE/USD/2D/3M/5Y,0.0124040000
2016-02-05,IR_SWAP/RATE/USD/2D/3M/6Y,0.0135020000
2016-02-05,IR_SWAP/RATE/USD/2D/3M/7Y,0.0143570000
2016-02-05,IR_SWAP/RATE/USD/2D/3M/8Y,0.0151810000
2016-02-05,IR_SWAP/RATE/USD/2D/3M/9Y,0.0160630000
2016-02-05,MM/RATE/EUR/0D/1D,-0.0011220000
2016-02-05,MM/RATE/EUR/2D/1M,-0.0003570000
2016-02-05,MM/RATE/EUR/2D/1W,-0.0005560000
2016-02-05,MM/RATE/EUR/2D/2M,-0.0002250000
2016-02-05,MM/RATE/EUR/2D/3M,-0.0001230000
2016-02-05,MM/RATE/EUR/2D/6M,0.0002460000
2016-02-05,MM/RATE/USD/0D/1D,0.0044800000
2016-02-05,MM/RATE/USD/2D/3M,0.0079610000
2016-02-05,MM/RATE/USD/2D/6M,0.0080470000
2016-02-05,RECOVERY_RATE/RATE/BANK/SR/USD,0.4000000000
